id,product_id,product_name,Date,Model,Brand,Vehicle_Type,Fuel_Type,City,Dealer_Type,Customer_Age_Group,Customer_Gender,Occupation_of_Buyer,Payment_Mode,Festive_Season_Purchase,Advertisement_Type,Service_Availability,Weather_Condition,Road_Conditions,Engine_Capacity_CC,Price_INR,Petrol_Price_at_Purchase,Competitor_Brand_Presence,Discounts_Offers,Stock_on_Date,Quantity_Sold
1,RE350,Royal Enfield Classic 350,2024-01-01,Classic 350,Royal Enfield,Motorcycle,Petrol,Hyderabad,Reseller,46-60,Female,Government Employee,UPI,No,TV,Available,Sunny,Poor,349,185361,102.49,Absent,Yes,493,42
2,RE350,Royal Enfield Classic 350,2024-01-02,Classic 350,Royal Enfield,Motorcycle,Petrol,Kolkata,Reseller,26-35,Other,Business,UPI,No,Newspaper,Available,Rainy,Average,349,204638,108.08,Present,No,308,8
3,RE350,Royal Enfield Classic 350,2024-01-03,Classic 350,Royal Enfield,Motorcycle,Petrol,Hyderabad,Reseller,26-35,Other,IT Professional,Credit Card,No,TV,Available,Sunny,Poor,349,191488,93.36,Absent,Yes,327,45
4,RE350,Royal Enfield Classic 350,2024-01-04,Classic 350,Royal Enfield,Motorcycle,Petrol,Delhi,Authorized Dealer,36-45,Female,Government Employee,Loan,No,Online Ads,Not Available,Rainy,Average,349,180519,90.82,Present,Yes,305,10
5,RE350,Royal Enfield Classic 350,2024-01-05,Classic 350,Royal Enfield,Motorcycle,Petrol,Kolkata,Authorized Dealer,18-25,Female,Student,Cash,No,None,Available,Snowy,Average,349,190547,96.69,Present,Yes,375,46
6,RE350,Royal Enfield Classic 350,2024-01-06,Classic 350,Royal Enfield,Motorcycle,Petrol,Kolkata,Reseller,18-25,Female,IT Professional,Credit Card,No,Online Ads,Not Available,Rainy,Average,349,202813,100.9,Present,Yes,494,24
7,RE350,Royal Enfield Classic 350,2024-01-07,Classic 350,Royal Enfield,Motorcycle,Petrol,Kolkata,Reseller,46-60,Male,Government Employee,UPI,No,Online Ads,Available,Cloudy,Average,349,185201,108.07,Present,Yes,52,6
8,RE350,Royal Enfield Classic 350,2024-01-08,Classic 350,Royal Enfield,Motorcycle,Petrol,Chennai,Reseller,46-60,Male,Self-Employed,Cash,No,Social Media,Not Available,Cloudy,Good,349,195662,97.46,Present,Yes,106,43
9,RE350,Royal Enfield Classic 350,2024-01-09,Classic 350,Royal Enfield,Motorcycle,Petrol,Hyderabad,Authorized Dealer,60+,Female,Student,Cash,No,Newspaper,Available,Cloudy,Good,349,194247,113.79,Absent,Yes,386,40
10,RE350,Royal Enfield Classic 350,2024-01-10,Classic 350,Royal Enfield,Motorcycle,Petrol,Hyderabad,Reseller,26-35,Female,Business,UPI,No,Social Media,Available,Rainy,Poor,349,184685,94.02,Absent,Yes,198,28
11,RE350,Royal Enfield Classic 350,2024-01-11,Classic 350,Royal Enfield,Motorcycle,Petrol,Mumbai,Authorized Dealer,36-45,Other,Student,Loan,No,None,Not Available,Cloudy,Good,349,180160,92.62,Absent,No,377,13
12,RE350,Royal Enfield Classic 350,2024-01-12,Classic 350,Royal Enfield,Motorcycle,Petrol,Delhi,Authorized Dealer,26-35,Male,Self-Employed,Cash,No,TV,Not Available,Rainy,Average,349,202056,106.28,Absent,Yes,491,30
13,RE350,Royal Enfield Classic 350,2024-01-13,Classic 350,Royal Enfield,Motorcycle,Petrol,Bangalore,Authorized Dealer,18-25,Other,Government Employee,Credit Card,No,TV,Available,Stormy,Average,349,187703,107.44,Present,Yes,289,11
14,RE350,Royal Enfield Classic 350,2024-01-14,Classic 350,Royal Enfield,Motorcycle,Petrol,Hyderabad,Reseller,18-25,Female,Business,Credit Card,No,TV,Not Available,Rainy,Average,349,203992,94.14,Present,No,340,34
15,RE350,Royal Enfield Classic 350,2024-01-15,Classic 350,Royal Enfield,Motorcycle,Petrol,Chennai,Authorized Dealer,18-25,Male,Government Employee,Credit Card,No,None,Not Available,Sunny,Poor,349,201403,111.87,Absent,Yes,52,24
16,RE350,Royal Enfield Classic 350,2024-01-16,Classic 350,Royal Enfield,Motorcycle,Petrol,Hyderabad,Reseller,26-35,Female,Government Employee,Loan,No,Newspaper,Not Available,Sunny,Average,349,203814,103.75,Absent,No,247,32
17,RE350,Royal Enfield Classic 350,2024-01-17,Classic 350,Royal Enfield,Motorcycle,Petrol,Bangalore,Authorized Dealer,60+,Other,Student,UPI,No,Newspaper,Available,Stormy,Poor,349,186616,108.48,Present,Yes,104,29
18,RE350,Royal Enfield Classic 350,2024-01-18,Classic 350,Royal Enfield,Motorcycle,Petrol,Hyderabad,Authorized Dealer,36-45,Male,Self-Employed,Loan,No,Online Ads,Not Available,Cloudy,Poor,349,194321,105.39,Present,No,456,15
19,RE350,Royal Enfield Classic 350,2024-01-19,Classic 350,Royal Enfield,Motorcycle,Petrol,Delhi,Authorized Dealer,18-25,Other,Student,Loan,No,Online Ads,Available,Cloudy,Good,349,208805,91.9,Absent,Yes,90,45
20,RE350,Royal Enfield Classic 350,2024-01-20,Classic 350,Royal Enfield,Motorcycle,Petrol,Hyderabad,Reseller,60+,Other,Business,Loan,No,Newspaper,Not Available,Sunny,Average,349,203418,119.19,Present,No,112,18
21,RE350,Royal Enfield Classic 350,2024-01-21,Classic 350,Royal Enfield,Motorcycle,Petrol,Bangalore,Authorized Dealer,60+,Other,Student,Credit Card,No,Newspaper,Available,Sunny,Average,349,189687,105.31,Present,Yes,437,14
22,RE350,Royal Enfield Classic 350,2024-01-22,Classic 350,Royal Enfield,Motorcycle,Petrol,Delhi,Reseller,26-35,Female,IT Professional,UPI,No,TV,Not Available,Stormy,Good,349,185241,110.98,Present,No,484,12
23,RE350,Royal Enfield Classic 350,2024-01-23,Classic 350,Royal Enfield,Motorcycle,Petrol,Hyderabad,Reseller,36-45,Other,IT Professional,UPI,No,Newspaper,Available,Cloudy,Average,349,190295,90.39,Absent,No,475,9
24,RE350,Royal Enfield Classic 350,2024-01-24,Classic 350,Royal Enfield,Motorcycle,Petrol,Hyderabad,Reseller,36-45,Female,Student,Cash,No,TV,Not Available,Cloudy,Average,349,186745,95.12,Absent,No,377,20
25,RE350,Royal Enfield Classic 350,2024-01-25,Classic 350,Royal Enfield,Motorcycle,Petrol,Hyderabad,Reseller,36-45,Female,Self-Employed,Cash,No,Social Media,Available,Stormy,Average,349,180039,119.54,Present,No,228,44
26,RE350,Royal Enfield Classic 350,2024-01-26,Classic 350,Royal Enfield,Motorcycle,Petrol,Delhi,Authorized Dealer,36-45,Female,Self-Employed,UPI,No,TV,Not Available,Rainy,Poor,349,206608,96.37,Absent,Yes,138,33
27,RE350,Royal Enfield Classic 350,2024-01-27,Classic 350,Royal Enfield,Motorcycle,Petrol,Mumbai,Authorized Dealer,60+,Female,Government Employee,UPI,No,None,Available,Stormy,Poor,349,191957,91.83,Present,No,244,40
28,RE350,Royal Enfield Classic 350,2024-01-28,Classic 350,Royal Enfield,Motorcycle,Petrol,Hyderabad,Reseller,26-35,Other,Government Employee,UPI,No,None,Available,Rainy,Average,349,202434,98.72,Absent,Yes,87,31
29,RE350,Royal Enfield Classic 350,2024-01-29,Classic 350,Royal Enfield,Motorcycle,Petrol,Hyderabad,Authorized Dealer,18-25,Other,Business,Credit Card,No,Newspaper,Available,Cloudy,Poor,349,192987,97.31,Absent,No,447,24
30,RE350,Royal Enfield Classic 350,2024-01-30,Classic 350,Royal Enfield,Motorcycle,Petrol,Kolkata,Reseller,36-45,Other,Self-Employed,Loan,No,TV,Available,Cloudy,Good,349,207437,97.08,Absent,Yes,239,41
31,RE350,Royal Enfield Classic 350,2024-01-31,Classic 350,Royal Enfield,Motorcycle,Petrol,Delhi,Authorized Dealer,46-60,Male,Business,Loan,No,Online Ads,Not Available,Snowy,Poor,349,191886,118.9,Present,No,161,33
32,RE350,Royal Enfield Classic 350,2024-02-01,Classic 350,Royal Enfield,Motorcycle,Petrol,Hyderabad,Authorized Dealer,36-45,Male,IT Professional,Cash,No,Social Media,Available,Snowy,Good,349,202239,113.66,Absent,Yes,351,14
33,RE350,Royal Enfield Classic 350,2024-02-02,Classic 350,Royal Enfield,Motorcycle,Petrol,Delhi,Reseller,46-60,Other,Student,Cash,No,TV,Not Available,Rainy,Average,349,195453,91.08,Absent,No,393,44
34,RE350,Royal Enfield Classic 350,2024-02-03,Classic 350,Royal Enfield,Motorcycle,Petrol,Mumbai,Reseller,36-45,Male,Government Employee,Loan,No,Online Ads,Not Available,Cloudy,Poor,349,180201,90.79,Absent,No,252,23
35,RE350,Royal Enfield Classic 350,2024-02-04,Classic 350,Royal Enfield,Motorcycle,Petrol,Hyderabad,Authorized Dealer,36-45,Other,Self-Employed,UPI,No,Social Media,Not Available,Snowy,Average,349,198694,119.59,Absent,No,174,41
36,RE350,Royal Enfield Classic 350,2024-02-05,Classic 350,Royal Enfield,Motorcycle,Petrol,Kolkata,Reseller,36-45,Female,Business,Credit Card,No,Newspaper,Not Available,Snowy,Good,349,186821,109.36,Present,Yes,387,50
37,RE350,Royal Enfield Classic 350,2024-02-06,Classic 350,Royal Enfield,Motorcycle,Petrol,Pune,Reseller,36-45,Male,Self-Employed,UPI,No,Newspaper,Available,Cloudy,Good,349,193906,113.26,Absent,Yes,166,33
38,RE350,Royal Enfield Classic 350,2024-02-07,Classic 350,Royal Enfield,Motorcycle,Petrol,Hyderabad,Authorized Dealer,60+,Male,IT Professional,Loan,No,Online Ads,Available,Sunny,Poor,349,192786,95.7,Present,No,227,15
39,RE350,Royal Enfield Classic 350,2024-02-08,Classic 350,Royal Enfield,Motorcycle,Petrol,Bangalore,Reseller,60+,Female,Student,UPI,No,Newspaper,Available,Sunny,Good,349,196806,100.04,Absent,Yes,87,30
40,RE350,Royal Enfield Classic 350,2024-02-09,Classic 350,Royal Enfield,Motorcycle,Petrol,Chennai,Reseller,26-35,Other,Government Employee,Loan,No,None,Not Available,Sunny,Poor,349,196025,105.16,Present,Yes,148,25
41,RE350,Royal Enfield Classic 350,2024-02-10,Classic 350,Royal Enfield,Motorcycle,Petrol,Bangalore,Reseller,46-60,Male,Self-Employed,Loan,No,Social Media,Not Available,Sunny,Average,349,205008,98.18,Absent,No,412,10
42,RE350,Royal Enfield Classic 350,2024-02-11,Classic 350,Royal Enfield,Motorcycle,Petrol,Mumbai,Reseller,26-35,Female,Student,UPI,No,TV,Not Available,Cloudy,Average,349,202649,97.65,Absent,No,332,13
43,RE350,Royal Enfield Classic 350,2024-02-12,Classic 350,Royal Enfield,Motorcycle,Petrol,Kolkata,Reseller,46-60,Male,Self-Employed,Credit Card,No,TV,Not Available,Rainy,Good,349,180772,104.65,Absent,Yes,301,50
44,RE350,Royal Enfield Classic 350,2024-02-13,Classic 350,Royal Enfield,Motorcycle,Petrol,Hyderabad,Authorized Dealer,60+,Other,IT Professional,Credit Card,No,Newspaper,Available,Sunny,Poor,349,192886,111.97,Present,Yes,352,13
45,RE350,Royal Enfield Classic 350,2024-02-14,Classic 350,Royal Enfield,Motorcycle,Petrol,Mumbai,Reseller,18-25,Male,IT Professional,UPI,No,Newspaper,Available,Stormy,Good,349,208267,116.21,Absent,No,168,15
46,RE350,Royal Enfield Classic 350,2024-02-15,Classic 350,Royal Enfield,Motorcycle,Petrol,Delhi,Authorized Dealer,18-25,Female,Government Employee,UPI,No,Social Media,Available,Sunny,Average,349,202573,116.26,Present,No,498,47
47,RE350,Royal Enfield Classic 350,2024-02-16,Classic 350,Royal Enfield,Motorcycle,Petrol,Mumbai,Authorized Dealer,60+,Other,Business,Loan,No,TV,Not Available,Rainy,Average,349,187696,108.89,Absent,Yes,299,27
48,RE350,Royal Enfield Classic 350,2024-02-17,Classic 350,Royal Enfield,Motorcycle,Petrol,Delhi,Authorized Dealer,26-35,Male,Student,Credit Card,No,Online Ads,Available,Sunny,Good,349,180819,113.83,Absent,Yes,387,6
49,RE350,Royal Enfield Classic 350,2024-02-18,Classic 350,Royal Enfield,Motorcycle,Petrol,Bangalore,Authorized Dealer,26-35,Other,Student,Loan,No,Social Media,Not Available,Snowy,Good,349,198898,112.8,Present,No,223,20
50,RE350,Royal Enfield Classic 350,2024-02-19,Classic 350,Royal Enfield,Motorcycle,Petrol,Delhi,Reseller,26-35,Male,Business,UPI,No,Online Ads,Available,Cloudy,Good,349,204713,107.86,Present,Yes,103,44
51,RE350,Royal Enfield Classic 350,2024-02-20,Classic 350,Royal Enfield,Motorcycle,Petrol,Pune,Reseller,18-25,Male,IT Professional,UPI,No,Online Ads,Available,Rainy,Poor,349,207391,117.22,Absent,No,240,19
52,RE350,Royal Enfield Classic 350,2024-02-21,Classic 350,Royal Enfield,Motorcycle,Petrol,Chennai,Authorized Dealer,18-25,Female,Self-Employed,Credit Card,No,Newspaper,Not Available,Snowy,Average,349,187203,109.65,Absent,No,197,11
53,RE350,Royal Enfield Classic 350,2024-02-22,Classic 350,Royal Enfield,Motorcycle,Petrol,Mumbai,Authorized Dealer,46-60,Other,IT Professional,Loan,No,TV,Available,Sunny,Poor,349,208839,102.44,Absent,No,220,41
54,RE350,Royal Enfield Classic 350,2024-02-23,Classic 350,Royal Enfield,Motorcycle,Petrol,Bangalore,Authorized Dealer,26-35,Female,Business,Cash,No,Online Ads,Available,Cloudy,Average,349,191363,93.55,Absent,Yes,438,40
55,RE350,Royal Enfield Classic 350,2024-02-24,Classic 350,Royal Enfield,Motorcycle,Petrol,Chennai,Authorized Dealer,60+,Female,Self-Employed,UPI,No,TV,Not Available,Cloudy,Average,349,200150,94.95,Absent,Yes,370,9
56,RE350,Royal Enfield Classic 350,2024-02-25,Classic 350,Royal Enfield,Motorcycle,Petrol,Pune,Reseller,26-35,Female,Student,UPI,No,Online Ads,Not Available,Cloudy,Poor,349,195399,92.4,Present,No,331,12
57,RE350,Royal Enfield Classic 350,2024-02-26,Classic 350,Royal Enfield,Motorcycle,Petrol,Bangalore,Reseller,60+,Other,Business,UPI,No,None,Available,Snowy,Poor,349,208166,94.37,Absent,Yes,222,47
58,RE350,Royal Enfield Classic 350,2024-02-27,Classic 350,Royal Enfield,Motorcycle,Petrol,Mumbai,Authorized Dealer,46-60,Female,Government Employee,Credit Card,No,Online Ads,Not Available,Stormy,Poor,349,184802,90.75,Present,Yes,232,39
59,RE350,Royal Enfield Classic 350,2024-02-28,Classic 350,Royal Enfield,Motorcycle,Petrol,Kolkata,Reseller,18-25,Male,Self-Employed,Cash,No,Social Media,Available,Cloudy,Good,349,180371,116.0,Present,No,399,16
60,RE350,Royal Enfield Classic 350,2024-02-29,Classic 350,Royal Enfield,Motorcycle,Petrol,Bangalore,Reseller,18-25,Other,Business,Loan,No,Social Media,Available,Snowy,Good,349,186860,118.08,Absent,No,414,20
61,RE350,Royal Enfield Classic 350,2024-03-01,Classic 350,Royal Enfield,Motorcycle,Petrol,Chennai,Authorized Dealer,60+,Male,Student,Cash,No,Online Ads,Available,Sunny,Average,349,186552,113.38,Present,Yes,374,41
62,RE350,Royal Enfield Classic 350,2024-03-02,Classic 350,Royal Enfield,Motorcycle,Petrol,Delhi,Reseller,18-25,Male,IT Professional,Cash,No,Newspaper,Not Available,Stormy,Average,349,182987,101.06,Absent,No,400,6
63,RE350,Royal Enfield Classic 350,2024-03-03,Classic 350,Royal Enfield,Motorcycle,Petrol,Kolkata,Reseller,46-60,Other,Business,UPI,No,Social Media,Not Available,Cloudy,Average,349,200536,97.17,Absent,Yes,152,33
64,RE350,Royal Enfield Classic 350,2024-03-04,Classic 350,Royal Enfield,Motorcycle,Petrol,Mumbai,Reseller,36-45,Male,Student,UPI,No,Social Media,Available,Rainy,Good,349,185980,116.62,Present,Yes,302,17
65,RE350,Royal Enfield Classic 350,2024-03-05,Classic 350,Royal Enfield,Motorcycle,Petrol,Bangalore,Reseller,18-25,Male,Government Employee,UPI,No,Social Media,Available,Snowy,Poor,349,196349,112.26,Present,Yes,355,27
66,RE350,Royal Enfield Classic 350,2024-03-06,Classic 350,Royal Enfield,Motorcycle,Petrol,Chennai,Authorized Dealer,46-60,Male,Self-Employed,Loan,No,TV,Available,Cloudy,Good,349,191922,100.8,Present,Yes,209,13
67,RE350,Royal Enfield Classic 350,2024-03-07,Classic 350,Royal Enfield,Motorcycle,Petrol,Bangalore,Reseller,46-60,Other,IT Professional,Credit Card,No,None,Available,Snowy,Good,349,184175,110.32,Absent,No,255,33
68,RE350,Royal Enfield Classic 350,2024-03-08,Classic 350,Royal Enfield,Motorcycle,Petrol,Mumbai,Authorized Dealer,18-25,Female,Business,Cash,No,None,Not Available,Sunny,Poor,349,202757,115.31,Present,Yes,130,24
69,RE350,Royal Enfield Classic 350,2024-03-09,Classic 350,Royal Enfield,Motorcycle,Petrol,Chennai,Authorized Dealer,60+,Other,Government Employee,UPI,No,Online Ads,Not Available,Snowy,Good,349,196037,105.55,Absent,Yes,158,14
70,RE350,Royal Enfield Classic 350,2024-03-10,Classic 350,Royal Enfield,Motorcycle,Petrol,Pune,Authorized Dealer,46-60,Male,Business,Cash,No,Social Media,Available,Sunny,Good,349,181719,97.77,Present,Yes,294,8
71,RE350,Royal Enfield Classic 350,2024-03-11,Classic 350,Royal Enfield,Motorcycle,Petrol,Delhi,Authorized Dealer,18-25,Male,Business,UPI,No,TV,Not Available,Stormy,Good,349,198933,111.2,Absent,Yes,496,43
72,RE350,Royal Enfield Classic 350,2024-03-12,Classic 350,Royal Enfield,Motorcycle,Petrol,Pune,Authorized Dealer,36-45,Female,Self-Employed,UPI,No,Online Ads,Available,Rainy,Good,349,188040,100.26,Absent,No,346,19
73,RE350,Royal Enfield Classic 350,2024-03-13,Classic 350,Royal Enfield,Motorcycle,Petrol,Mumbai,Reseller,26-35,Male,Self-Employed,UPI,No,Social Media,Not Available,Snowy,Average,349,196196,110.81,Absent,No,136,22
74,RE350,Royal Enfield Classic 350,2024-03-14,Classic 350,Royal Enfield,Motorcycle,Petrol,Pune,Authorized Dealer,60+,Other,Self-Employed,Loan,No,Newspaper,Not Available,Rainy,Good,349,181755,112.19,Present,Yes,205,6
75,RE350,Royal Enfield Classic 350,2024-03-15,Classic 350,Royal Enfield,Motorcycle,Petrol,Chennai,Authorized Dealer,26-35,Male,Self-Employed,Loan,No,Newspaper,Available,Snowy,Average,349,191973,102.54,Absent,Yes,269,26
76,RE350,Royal Enfield Classic 350,2024-03-16,Classic 350,Royal Enfield,Motorcycle,Petrol,Kolkata,Reseller,46-60,Other,IT Professional,Loan,No,Social Media,Not Available,Sunny,Poor,349,206316,119.37,Present,No,56,12
77,RE350,Royal Enfield Classic 350,2024-03-17,Classic 350,Royal Enfield,Motorcycle,Petrol,Hyderabad,Reseller,26-35,Other,Self-Employed,Credit Card,No,None,Available,Rainy,Poor,349,180163,103.41,Absent,No,110,27
78,RE350,Royal Enfield Classic 350,2024-03-18,Classic 350,Royal Enfield,Motorcycle,Petrol,Chennai,Authorized Dealer,26-35,Other,Business,Cash,No,None,Available,Cloudy,Average,349,189625,102.9,Absent,Yes,160,34
79,RE350,Royal Enfield Classic 350,2024-03-19,Classic 350,Royal Enfield,Motorcycle,Petrol,Bangalore,Reseller,46-60,Other,Self-Employed,Cash,No,None,Available,Cloudy,Average,349,184474,113.87,Present,No,465,12
80,RE350,Royal Enfield Classic 350,2024-03-20,Classic 350,Royal Enfield,Motorcycle,Petrol,Bangalore,Reseller,18-25,Male,Government Employee,Loan,No,None,Not Available,Sunny,Average,349,209614,104.59,Absent,No,335,34
81,RE350,Royal Enfield Classic 350,2024-03-21,Classic 350,Royal Enfield,Motorcycle,Petrol,Pune,Authorized Dealer,46-60,Other,Student,UPI,No,Newspaper,Available,Stormy,Average,349,209536,93.95,Present,Yes,284,8
82,RE350,Royal Enfield Classic 350,2024-03-22,Classic 350,Royal Enfield,Motorcycle,Petrol,Delhi,Reseller,46-60,Female,Self-Employed,UPI,No,Newspaper,Available,Stormy,Good,349,186144,114.46,Present,Yes,56,45
83,RE350,Royal Enfield Classic 350,2024-03-23,Classic 350,Royal Enfield,Motorcycle,Petrol,Mumbai,Reseller,18-25,Other,Government Employee,Credit Card,No,TV,Not Available,Rainy,Poor,349,182074,90.72,Present,No,197,25
84,RE350,Royal Enfield Classic 350,2024-03-24,Classic 350,Royal Enfield,Motorcycle,Petrol,Pune,Authorized Dealer,46-60,Other,Government Employee,Loan,No,TV,Not Available,Rainy,Poor,349,199834,109.14,Present,No,484,32
85,RE350,Royal Enfield Classic 350,2024-03-25,Classic 350,Royal Enfield,Motorcycle,Petrol,Delhi,Authorized Dealer,60+,Other,Business,Loan,No,Social Media,Not Available,Rainy,Poor,349,199409,118.23,Absent,No,163,22
86,RE350,Royal Enfield Classic 350,2024-03-26,Classic 350,Royal Enfield,Motorcycle,Petrol,Chennai,Authorized Dealer,36-45,Female,Student,Loan,No,TV,Available,Sunny,Average,349,202693,111.83,Absent,No,312,13
87,RE350,Royal Enfield Classic 350,2024-03-27,Classic 350,Royal Enfield,Motorcycle,Petrol,Delhi,Authorized Dealer,60+,Male,Business,Cash,No,TV,Available,Sunny,Average,349,185827,94.83,Absent,No,260,5
88,RE350,Royal Enfield Classic 350,2024-03-28,Classic 350,Royal Enfield,Motorcycle,Petrol,Mumbai,Authorized Dealer,36-45,Male,Government Employee,Cash,No,TV,Available,Snowy,Average,349,186711,108.79,Present,Yes,290,35
89,RE350,Royal Enfield Classic 350,2024-03-29,Classic 350,Royal Enfield,Motorcycle,Petrol,Delhi,Authorized Dealer,26-35,Male,Student,Loan,No,TV,Available,Snowy,Poor,349,194812,93.43,Absent,No,210,31
90,RE350,Royal Enfield Classic 350,2024-03-30,Classic 350,Royal Enfield,Motorcycle,Petrol,Delhi,Authorized Dealer,26-35,Female,Government Employee,UPI,No,None,Not Available,Stormy,Good,349,184282,108.84,Absent,No,232,33
91,RE350,Royal Enfield Classic 350,2024-03-31,Classic 350,Royal Enfield,Motorcycle,Petrol,Mumbai,Reseller,60+,Female,Self-Employed,Credit Card,No,Newspaper,Available,Rainy,Average,349,208710,117.28,Absent,Yes,189,9
92,RE350,Royal Enfield Classic 350,2024-04-01,Classic 350,Royal Enfield,Motorcycle,Petrol,Delhi,Authorized Dealer,60+,Other,Government Employee,UPI,No,None,Available,Rainy,Average,349,194354,96.93,Present,No,162,32
93,RE350,Royal Enfield Classic 350,2024-04-02,Classic 350,Royal Enfield,Motorcycle,Petrol,Mumbai,Reseller,60+,Female,Government Employee,UPI,No,TV,Not Available,Rainy,Poor,349,200079,98.86,Absent,No,240,22
94,RE350,Royal Enfield Classic 350,2024-04-03,Classic 350,Royal Enfield,Motorcycle,Petrol,Pune,Authorized Dealer,26-35,Female,Student,UPI,No,Newspaper,Available,Sunny,Poor,349,193471,107.27,Present,Yes,427,7
95,RE350,Royal Enfield Classic 350,2024-04-04,Classic 350,Royal Enfield,Motorcycle,Petrol,Chennai,Authorized Dealer,18-25,Other,Self-Employed,Loan,No,Social Media,Not Available,Rainy,Good,349,187079,95.78,Present,No,90,11
96,RE350,Royal Enfield Classic 350,2024-04-05,Classic 350,Royal Enfield,Motorcycle,Petrol,Hyderabad,Reseller,26-35,Other,Student,Cash,No,TV,Available,Snowy,Poor,349,208781,104.42,Present,No,406,42
97,RE350,Royal Enfield Classic 350,2024-04-06,Classic 350,Royal Enfield,Motorcycle,Petrol,Chennai,Reseller,26-35,Male,IT Professional,Credit Card,No,Online Ads,Available,Stormy,Poor,349,203481,113.6,Present,Yes,376,16
98,RE350,Royal Enfield Classic 350,2024-04-07,Classic 350,Royal Enfield,Motorcycle,Petrol,Mumbai,Reseller,18-25,Other,Student,Loan,No,None,Not Available,Cloudy,Average,349,192532,102.49,Absent,Yes,162,45
99,RE350,Royal Enfield Classic 350,2024-04-08,Classic 350,Royal Enfield,Motorcycle,Petrol,Chennai,Reseller,36-45,Female,IT Professional,Credit Card,No,None,Not Available,Snowy,Average,349,198460,118.38,Present,Yes,71,16
100,RE350,Royal Enfield Classic 350,2024-04-09,Classic 350,Royal Enfield,Motorcycle,Petrol,Mumbai,Authorized Dealer,60+,Other,Student,UPI,No,Social Media,Available,Snowy,Poor,349,196151,103.96,Absent,Yes,91,50
101,RE350,Royal Enfield Classic 350,2024-04-10,Classic 350,Royal Enfield,Motorcycle,Petrol,Mumbai,Authorized Dealer,36-45,Male,Self-Employed,Cash,No,Online Ads,Not Available,Stormy,Good,349,184261,92.63,Absent,Yes,496,31
102,RE350,Royal Enfield Classic 350,2024-04-11,Classic 350,Royal Enfield,Motorcycle,Petrol,Chennai,Reseller,36-45,Other,Self-Employed,Cash,No,Social Media,Not Available,Cloudy,Good,349,193358,105.21,Present,Yes,430,10
103,RE350,Royal Enfield Classic 350,2024-04-12,Classic 350,Royal Enfield,Motorcycle,Petrol,Hyderabad,Authorized Dealer,60+,Other,Self-Employed,Cash,No,Newspaper,Not Available,Cloudy,Good,349,196669,95.57,Absent,No,201,7
104,RE350,Royal Enfield Classic 350,2024-04-13,Classic 350,Royal Enfield,Motorcycle,Petrol,Bangalore,Reseller,36-45,Other,Business,UPI,No,None,Not Available,Stormy,Good,349,197815,115.87,Present,Yes,142,39
105,RE350,Royal Enfield Classic 350,2024-04-14,Classic 350,Royal Enfield,Motorcycle,Petrol,Mumbai,Authorized Dealer,36-45,Male,Self-Employed,Cash,No,None,Available,Rainy,Poor,349,201985,111.79,Present,No,478,13
106,RE350,Royal Enfield Classic 350,2024-04-15,Classic 350,Royal Enfield,Motorcycle,Petrol,Pune,Authorized Dealer,26-35,Other,IT Professional,Loan,No,Newspaper,Available,Sunny,Poor,349,189677,94.86,Present,No,159,49
107,RE350,Royal Enfield Classic 350,2024-04-16,Classic 350,Royal Enfield,Motorcycle,Petrol,Chennai,Reseller,60+,Male,Business,Cash,No,Social Media,Not Available,Cloudy,Poor,349,189248,103.35,Present,No,459,11
108,RE350,Royal Enfield Classic 350,2024-04-17,Classic 350,Royal Enfield,Motorcycle,Petrol,Hyderabad,Reseller,46-60,Male,IT Professional,UPI,No,None,Not Available,Rainy,Average,349,205385,113.56,Absent,Yes,350,13
109,RE350,Royal Enfield Classic 350,2024-04-18,Classic 350,Royal Enfield,Motorcycle,Petrol,Hyderabad,Reseller,46-60,Other,IT Professional,Cash,No,TV,Available,Stormy,Poor,349,184001,96.12,Present,Yes,308,43
110,RE350,Royal Enfield Classic 350,2024-04-19,Classic 350,Royal Enfield,Motorcycle,Petrol,Pune,Authorized Dealer,18-25,Other,Student,Credit Card,No,Newspaper,Available,Cloudy,Average,349,208012,91.04,Present,Yes,468,41
111,RE350,Royal Enfield Classic 350,2024-04-20,Classic 350,Royal Enfield,Motorcycle,Petrol,Chennai,Reseller,26-35,Male,Self-Employed,UPI,No,TV,Not Available,Sunny,Average,349,184745,111.27,Present,Yes,264,46
112,RE350,Royal Enfield Classic 350,2024-04-21,Classic 350,Royal Enfield,Motorcycle,Petrol,Mumbai,Authorized Dealer,18-25,Male,Self-Employed,Cash,No,Social Media,Not Available,Snowy,Average,349,197477,113.43,Present,Yes,478,12
113,RE350,Royal Enfield Classic 350,2024-04-22,Classic 350,Royal Enfield,Motorcycle,Petrol,Kolkata,Authorized Dealer,36-45,Male,Business,Loan,No,Social Media,Not Available,Snowy,Poor,349,182743,102.47,Absent,Yes,494,41
114,RE350,Royal Enfield Classic 350,2024-04-23,Classic 350,Royal Enfield,Motorcycle,Petrol,Kolkata,Reseller,60+,Other,Self-Employed,Cash,No,Online Ads,Available,Sunny,Average,349,207239,110.59,Absent,Yes,349,36
115,RE350,Royal Enfield Classic 350,2024-04-24,Classic 350,Royal Enfield,Motorcycle,Petrol,Chennai,Reseller,46-60,Female,Government Employee,Cash,No,Social Media,Not Available,Snowy,Average,349,199122,92.3,Present,Yes,361,33
116,RE350,Royal Enfield Classic 350,2024-04-25,Classic 350,Royal Enfield,Motorcycle,Petrol,Mumbai,Authorized Dealer,18-25,Female,IT Professional,Cash,No,TV,Not Available,Snowy,Poor,349,190623,116.52,Present,No,214,43
117,RE350,Royal Enfield Classic 350,2024-04-26,Classic 350,Royal Enfield,Motorcycle,Petrol,Kolkata,Authorized Dealer,60+,Female,Business,Loan,No,Social Media,Not Available,Stormy,Good,349,193108,107.63,Absent,Yes,241,10
118,RE350,Royal Enfield Classic 350,2024-04-27,Classic 350,Royal Enfield,Motorcycle,Petrol,Kolkata,Reseller,26-35,Other,Business,UPI,No,None,Not Available,Sunny,Poor,349,205855,109.92,Absent,No,112,19
119,RE350,Royal Enfield Classic 350,2024-04-28,Classic 350,Royal Enfield,Motorcycle,Petrol,Bangalore,Authorized Dealer,60+,Other,Government Employee,Cash,No,Online Ads,Available,Snowy,Average,349,197511,107.08,Absent,Yes,188,39
120,RE350,Royal Enfield Classic 350,2024-04-29,Classic 350,Royal Enfield,Motorcycle,Petrol,Mumbai,Authorized Dealer,46-60,Male,Government Employee,Credit Card,No,TV,Available,Sunny,Average,349,201311,97.4,Absent,No,95,48
121,RE350,Royal Enfield Classic 350,2024-04-30,Classic 350,Royal Enfield,Motorcycle,Petrol,Kolkata,Reseller,36-45,Male,Business,Cash,No,None,Available,Sunny,Good,349,188450,91.46,Absent,Yes,440,11
122,RE350,Royal Enfield Classic 350,2024-05-01,Classic 350,Royal Enfield,Motorcycle,Petrol,Delhi,Reseller,60+,Male,Government Employee,UPI,No,None,Not Available,Rainy,Average,349,198950,117.0,Absent,No,399,5
123,RE350,Royal Enfield Classic 350,2024-05-02,Classic 350,Royal Enfield,Motorcycle,Petrol,Hyderabad,Authorized Dealer,26-35,Other,IT Professional,Cash,No,TV,Available,Stormy,Good,349,193150,97.31,Present,Yes,164,18
124,RE350,Royal Enfield Classic 350,2024-05-03,Classic 350,Royal Enfield,Motorcycle,Petrol,Delhi,Authorized Dealer,46-60,Male,Student,UPI,No,TV,Available,Sunny,Poor,349,202385,109.7,Present,Yes,107,5
125,RE350,Royal Enfield Classic 350,2024-05-04,Classic 350,Royal Enfield,Motorcycle,Petrol,Mumbai,Authorized Dealer,60+,Male,Self-Employed,Cash,No,TV,Not Available,Sunny,Poor,349,190912,109.78,Absent,Yes,247,43
126,RE350,Royal Enfield Classic 350,2024-05-05,Classic 350,Royal Enfield,Motorcycle,Petrol,Mumbai,Reseller,60+,Male,Self-Employed,UPI,No,TV,Available,Snowy,Average,349,183908,114.23,Present,No,232,5
127,RE350,Royal Enfield Classic 350,2024-05-06,Classic 350,Royal Enfield,Motorcycle,Petrol,Pune,Reseller,18-25,Other,Student,UPI,No,TV,Not Available,Cloudy,Average,349,201535,96.54,Absent,Yes,181,42
128,RE350,Royal Enfield Classic 350,2024-05-07,Classic 350,Royal Enfield,Motorcycle,Petrol,Delhi,Reseller,18-25,Female,Self-Employed,Loan,No,Newspaper,Available,Snowy,Good,349,207544,95.32,Absent,Yes,356,50
129,RE350,Royal Enfield Classic 350,2024-05-08,Classic 350,Royal Enfield,Motorcycle,Petrol,Delhi,Authorized Dealer,46-60,Male,IT Professional,Loan,No,Online Ads,Not Available,Stormy,Good,349,184880,94.0,Absent,No,249,7
130,RE350,Royal Enfield Classic 350,2024-05-09,Classic 350,Royal Enfield,Motorcycle,Petrol,Pune,Reseller,36-45,Other,Business,Cash,No,None,Not Available,Stormy,Average,349,201453,118.22,Present,No,67,17
131,RE350,Royal Enfield Classic 350,2024-05-10,Classic 350,Royal Enfield,Motorcycle,Petrol,Delhi,Authorized Dealer,36-45,Female,Student,Loan,No,TV,Available,Cloudy,Average,349,209775,111.44,Present,Yes,147,48
132,RE350,Royal Enfield Classic 350,2024-05-11,Classic 350,Royal Enfield,Motorcycle,Petrol,Kolkata,Authorized Dealer,46-60,Other,Student,Credit Card,No,TV,Not Available,Stormy,Good,349,209974,106.81,Present,No,144,42
133,RE350,Royal Enfield Classic 350,2024-05-12,Classic 350,Royal Enfield,Motorcycle,Petrol,Chennai,Reseller,18-25,Male,Self-Employed,Credit Card,No,Social Media,Available,Cloudy,Poor,349,200140,109.33,Absent,No,367,22
134,RE350,Royal Enfield Classic 350,2024-05-13,Classic 350,Royal Enfield,Motorcycle,Petrol,Hyderabad,Authorized Dealer,46-60,Female,IT Professional,Loan,No,Social Media,Available,Stormy,Good,349,193726,97.72,Present,No,53,25
135,RE350,Royal Enfield Classic 350,2024-05-14,Classic 350,Royal Enfield,Motorcycle,Petrol,Chennai,Authorized Dealer,46-60,Male,Self-Employed,UPI,No,Social Media,Available,Snowy,Average,349,209663,98.98,Present,Yes,284,10
136,RE350,Royal Enfield Classic 350,2024-05-15,Classic 350,Royal Enfield,Motorcycle,Petrol,Mumbai,Authorized Dealer,60+,Female,Student,Loan,No,Newspaper,Not Available,Sunny,Poor,349,203219,91.85,Absent,Yes,425,30
137,RE350,Royal Enfield Classic 350,2024-05-16,Classic 350,Royal Enfield,Motorcycle,Petrol,Chennai,Reseller,26-35,Male,Business,Loan,No,TV,Not Available,Sunny,Poor,349,187484,99.88,Present,Yes,481,17
138,RE350,Royal Enfield Classic 350,2024-05-17,Classic 350,Royal Enfield,Motorcycle,Petrol,Chennai,Reseller,18-25,Other,IT Professional,Cash,No,Online Ads,Available,Sunny,Average,349,201447,110.26,Present,Yes,483,24
139,RE350,Royal Enfield Classic 350,2024-05-18,Classic 350,Royal Enfield,Motorcycle,Petrol,Delhi,Reseller,36-45,Male,IT Professional,Credit Card,No,Newspaper,Not Available,Cloudy,Poor,349,185065,119.22,Absent,No,355,10
140,RE350,Royal Enfield Classic 350,2024-05-19,Classic 350,Royal Enfield,Motorcycle,Petrol,Bangalore,Authorized Dealer,26-35,Male,Business,UPI,No,Newspaper,Not Available,Cloudy,Average,349,183448,101.57,Absent,No,172,5
141,RE350,Royal Enfield Classic 350,2024-05-20,Classic 350,Royal Enfield,Motorcycle,Petrol,Chennai,Authorized Dealer,26-35,Female,Student,Loan,No,Social Media,Not Available,Stormy,Average,349,197323,92.48,Present,No,77,20
142,RE350,Royal Enfield Classic 350,2024-05-21,Classic 350,Royal Enfield,Motorcycle,Petrol,Pune,Reseller,46-60,Male,Self-Employed,Credit Card,No,Social Media,Available,Sunny,Poor,349,185564,112.84,Present,Yes,262,20
143,RE350,Royal Enfield Classic 350,2024-05-22,Classic 350,Royal Enfield,Motorcycle,Petrol,Mumbai,Authorized Dealer,18-25,Male,Business,Loan,No,Social Media,Not Available,Cloudy,Poor,349,187789,96.46,Absent,Yes,304,30
144,RE350,Royal Enfield Classic 350,2024-05-23,Classic 350,Royal Enfield,Motorcycle,Petrol,Pune,Reseller,60+,Other,Student,Credit Card,No,TV,Available,Rainy,Good,349,195964,103.3,Absent,No,219,8
145,RE350,Royal Enfield Classic 350,2024-05-24,Classic 350,Royal Enfield,Motorcycle,Petrol,Hyderabad,Reseller,36-45,Other,IT Professional,UPI,No,None,Not Available,Snowy,Good,349,209979,103.91,Absent,No,340,22
146,RE350,Royal Enfield Classic 350,2024-05-25,Classic 350,Royal Enfield,Motorcycle,Petrol,Hyderabad,Reseller,46-60,Male,Self-Employed,Credit Card,No,Newspaper,Available,Rainy,Good,349,181637,109.32,Absent,No,78,46
147,RE350,Royal Enfield Classic 350,2024-05-26,Classic 350,Royal Enfield,Motorcycle,Petrol,Pune,Authorized Dealer,18-25,Male,Government Employee,UPI,No,Online Ads,Available,Sunny,Good,349,196555,98.61,Present,Yes,235,38
148,RE350,Royal Enfield Classic 350,2024-05-27,Classic 350,Royal Enfield,Motorcycle,Petrol,Chennai,Reseller,26-35,Other,Student,Credit Card,No,Social Media,Available,Stormy,Good,349,190841,113.91,Absent,Yes,484,11
149,RE350,Royal Enfield Classic 350,2024-05-28,Classic 350,Royal Enfield,Motorcycle,Petrol,Pune,Reseller,36-45,Other,IT Professional,UPI,No,Online Ads,Available,Stormy,Average,349,201022,112.54,Absent,No,98,29
150,RE350,Royal Enfield Classic 350,2024-05-29,Classic 350,Royal Enfield,Motorcycle,Petrol,Pune,Reseller,46-60,Other,IT Professional,UPI,No,Newspaper,Available,Sunny,Average,349,203209,96.38,Absent,No,352,32
151,RE350,Royal Enfield Classic 350,2024-05-30,Classic 350,Royal Enfield,Motorcycle,Petrol,Kolkata,Authorized Dealer,46-60,Male,Student,Credit Card,No,TV,Available,Cloudy,Average,349,207187,105.99,Present,No,245,47
152,RE350,Royal Enfield Classic 350,2024-05-31,Classic 350,Royal Enfield,Motorcycle,Petrol,Pune,Authorized Dealer,26-35,Female,Student,Loan,No,Newspaper,Available,Snowy,Poor,349,196879,110.5,Present,No,293,11
153,RE350,Royal Enfield Classic 350,2024-06-01,Classic 350,Royal Enfield,Motorcycle,Petrol,Pune,Reseller,18-25,Female,Self-Employed,Credit Card,No,Online Ads,Available,Stormy,Good,349,186024,104.72,Present,No,267,35
154,RE350,Royal Enfield Classic 350,2024-06-02,Classic 350,Royal Enfield,Motorcycle,Petrol,Delhi,Authorized Dealer,46-60,Other,Self-Employed,Cash,No,None,Available,Rainy,Good,349,183823,106.45,Present,Yes,144,29
155,RE350,Royal Enfield Classic 350,2024-06-03,Classic 350,Royal Enfield,Motorcycle,Petrol,Mumbai,Authorized Dealer,46-60,Female,Student,Cash,No,Online Ads,Not Available,Sunny,Average,349,180492,90.15,Present,Yes,310,38
156,RE350,Royal Enfield Classic 350,2024-06-04,Classic 350,Royal Enfield,Motorcycle,Petrol,Kolkata,Authorized Dealer,36-45,Other,IT Professional,Credit Card,No,Newspaper,Available,Cloudy,Good,349,191457,119.76,Present,No,494,13
157,RE350,Royal Enfield Classic 350,2024-06-05,Classic 350,Royal Enfield,Motorcycle,Petrol,Pune,Reseller,46-60,Female,Business,UPI,No,None,Not Available,Rainy,Good,349,190086,104.28,Present,Yes,449,36
158,RE350,Royal Enfield Classic 350,2024-06-06,Classic 350,Royal Enfield,Motorcycle,Petrol,Kolkata,Reseller,60+,Female,Business,Cash,No,None,Available,Snowy,Average,349,190149,116.91,Absent,Yes,112,25
159,RE350,Royal Enfield Classic 350,2024-06-07,Classic 350,Royal Enfield,Motorcycle,Petrol,Mumbai,Reseller,46-60,Other,IT Professional,UPI,No,Newspaper,Not Available,Sunny,Poor,349,203666,106.86,Absent,Yes,494,7
160,RE350,Royal Enfield Classic 350,2024-06-08,Classic 350,Royal Enfield,Motorcycle,Petrol,Bangalore,Reseller,18-25,Male,Student,Loan,No,Newspaper,Available,Stormy,Good,349,200240,106.55,Present,No,284,24
161,RE350,Royal Enfield Classic 350,2024-06-09,Classic 350,Royal Enfield,Motorcycle,Petrol,Mumbai,Authorized Dealer,60+,Male,Government Employee,Credit Card,No,Social Media,Available,Snowy,Good,349,185116,102.95,Present,No,53,33
162,RE350,Royal Enfield Classic 350,2024-06-10,Classic 350,Royal Enfield,Motorcycle,Petrol,Pune,Authorized Dealer,46-60,Other,Student,Loan,No,Social Media,Available,Cloudy,Poor,349,180032,119.73,Present,No,145,33
163,RE350,Royal Enfield Classic 350,2024-06-11,Classic 350,Royal Enfield,Motorcycle,Petrol,Kolkata,Reseller,46-60,Female,Self-Employed,UPI,No,Newspaper,Not Available,Sunny,Poor,349,191718,92.19,Absent,No,342,12
164,RE350,Royal Enfield Classic 350,2024-06-12,Classic 350,Royal Enfield,Motorcycle,Petrol,Pune,Reseller,60+,Male,Student,Loan,No,TV,Not Available,Snowy,Average,349,209997,93.35,Absent,Yes,80,14
165,RE350,Royal Enfield Classic 350,2024-06-13,Classic 350,Royal Enfield,Motorcycle,Petrol,Mumbai,Authorized Dealer,26-35,Male,Student,Cash,No,Newspaper,Available,Cloudy,Average,349,190107,118.31,Absent,Yes,228,49
166,RE350,Royal Enfield Classic 350,2024-06-14,Classic 350,Royal Enfield,Motorcycle,Petrol,Mumbai,Reseller,26-35,Female,IT Professional,Credit Card,No,TV,Not Available,Stormy,Good,349,183853,114.97,Present,No,296,48
167,RE350,Royal Enfield Classic 350,2024-06-15,Classic 350,Royal Enfield,Motorcycle,Petrol,Chennai,Reseller,26-35,Other,Business,Cash,No,Social Media,Not Available,Snowy,Good,349,190527,94.59,Absent,No,139,23
168,RE350,Royal Enfield Classic 350,2024-06-16,Classic 350,Royal Enfield,Motorcycle,Petrol,Bangalore,Reseller,36-45,Male,Student,Cash,No,None,Not Available,Sunny,Average,349,196425,100.65,Absent,Yes,270,43
169,RE350,Royal Enfield Classic 350,2024-06-17,Classic 350,Royal Enfield,Motorcycle,Petrol,Bangalore,Authorized Dealer,46-60,Male,Student,UPI,No,Online Ads,Not Available,Stormy,Poor,349,203007,90.8,Absent,Yes,142,20
170,RE350,Royal Enfield Classic 350,2024-06-18,Classic 350,Royal Enfield,Motorcycle,Petrol,Bangalore,Reseller,36-45,Other,Student,Loan,No,Newspaper,Not Available,Sunny,Poor,349,202022,96.49,Present,No,103,17
171,RE350,Royal Enfield Classic 350,2024-06-19,Classic 350,Royal Enfield,Motorcycle,Petrol,Mumbai,Authorized Dealer,18-25,Female,Government Employee,Credit Card,No,Newspaper,Not Available,Sunny,Average,349,193817,91.55,Absent,Yes,168,25
172,RE350,Royal Enfield Classic 350,2024-06-20,Classic 350,Royal Enfield,Motorcycle,Petrol,Delhi,Reseller,46-60,Female,Government Employee,Loan,No,None,Not Available,Snowy,Good,349,201997,107.79,Absent,No,89,12
173,RE350,Royal Enfield Classic 350,2024-06-21,Classic 350,Royal Enfield,Motorcycle,Petrol,Bangalore,Reseller,46-60,Other,Business,Credit Card,No,TV,Not Available,Stormy,Average,349,183949,117.24,Present,No,253,25
174,RE350,Royal Enfield Classic 350,2024-06-22,Classic 350,Royal Enfield,Motorcycle,Petrol,Chennai,Reseller,36-45,Other,Student,UPI,No,Social Media,Available,Cloudy,Poor,349,204218,100.69,Present,No,189,22
175,RE350,Royal Enfield Classic 350,2024-06-23,Classic 350,Royal Enfield,Motorcycle,Petrol,Pune,Authorized Dealer,46-60,Female,IT Professional,Credit Card,No,TV,Available,Rainy,Poor,349,180704,105.87,Absent,No,170,19
176,RE350,Royal Enfield Classic 350,2024-06-24,Classic 350,Royal Enfield,Motorcycle,Petrol,Kolkata,Authorized Dealer,26-35,Male,IT Professional,UPI,No,Newspaper,Not Available,Rainy,Good,349,204365,101.63,Absent,No,295,37
177,RE350,Royal Enfield Classic 350,2024-06-25,Classic 350,Royal Enfield,Motorcycle,Petrol,Pune,Reseller,60+,Other,Student,Loan,No,TV,Not Available,Snowy,Average,349,195187,119.57,Absent,Yes,463,29
178,RE350,Royal Enfield Classic 350,2024-06-26,Classic 350,Royal Enfield,Motorcycle,Petrol,Delhi,Reseller,60+,Male,Government Employee,UPI,No,Online Ads,Available,Stormy,Poor,349,198825,93.42,Present,Yes,352,23
179,RE350,Royal Enfield Classic 350,2024-06-27,Classic 350,Royal Enfield,Motorcycle,Petrol,Kolkata,Reseller,26-35,Male,Self-Employed,Credit Card,No,Social Media,Available,Cloudy,Poor,349,197507,114.41,Present,Yes,239,38
180,RE350,Royal Enfield Classic 350,2024-06-28,Classic 350,Royal Enfield,Motorcycle,Petrol,Hyderabad,Reseller,36-45,Male,Student,Loan,No,Social Media,Available,Stormy,Good,349,191739,103.76,Present,Yes,369,32
181,RE350,Royal Enfield Classic 350,2024-06-29,Classic 350,Royal Enfield,Motorcycle,Petrol,Bangalore,Reseller,36-45,Female,Self-Employed,Cash,No,Newspaper,Available,Sunny,Average,349,181809,100.56,Present,No,384,35
182,RE350,Royal Enfield Classic 350,2024-06-30,Classic 350,Royal Enfield,Motorcycle,Petrol,Bangalore,Reseller,18-25,Female,Self-Employed,Loan,No,Newspaper,Not Available,Cloudy,Good,349,198355,110.21,Present,No,446,39
183,RE350,Royal Enfield Classic 350,2024-07-01,Classic 350,Royal Enfield,Motorcycle,Petrol,Mumbai,Reseller,36-45,Male,Student,Cash,No,Online Ads,Available,Snowy,Good,349,203535,112.81,Absent,Yes,269,26
184,RE350,Royal Enfield Classic 350,2024-07-02,Classic 350,Royal Enfield,Motorcycle,Petrol,Chennai,Authorized Dealer,26-35,Other,Self-Employed,Credit Card,No,Social Media,Not Available,Rainy,Poor,349,196224,90.61,Absent,Yes,204,14
185,RE350,Royal Enfield Classic 350,2024-07-03,Classic 350,Royal Enfield,Motorcycle,Petrol,Bangalore,Reseller,26-35,Female,Student,UPI,No,Online Ads,Available,Rainy,Average,349,209357,107.04,Absent,Yes,118,11
186,RE350,Royal Enfield Classic 350,2024-07-04,Classic 350,Royal Enfield,Motorcycle,Petrol,Hyderabad,Reseller,18-25,Male,Student,UPI,No,None,Available,Sunny,Good,349,194237,97.71,Present,No,224,34
187,RE350,Royal Enfield Classic 350,2024-07-05,Classic 350,Royal Enfield,Motorcycle,Petrol,Chennai,Reseller,46-60,Male,Student,Cash,No,TV,Not Available,Snowy,Poor,349,181080,109.18,Absent,Yes,147,6
188,RE350,Royal Enfield Classic 350,2024-07-06,Classic 350,Royal Enfield,Motorcycle,Petrol,Kolkata,Reseller,36-45,Male,Self-Employed,Credit Card,No,Social Media,Not Available,Rainy,Average,349,194613,97.37,Present,No,363,41
189,RE350,Royal Enfield Classic 350,2024-07-07,Classic 350,Royal Enfield,Motorcycle,Petrol,Mumbai,Authorized Dealer,60+,Female,IT Professional,UPI,No,None,Available,Stormy,Average,349,187843,100.68,Absent,No,266,26
190,RE350,Royal Enfield Classic 350,2024-07-08,Classic 350,Royal Enfield,Motorcycle,Petrol,Bangalore,Authorized Dealer,60+,Female,Student,Credit Card,No,Newspaper,Available,Cloudy,Good,349,197381,113.61,Present,Yes,454,29
191,RE350,Royal Enfield Classic 350,2024-07-09,Classic 350,Royal Enfield,Motorcycle,Petrol,Pune,Reseller,60+,Female,Business,UPI,No,TV,Available,Sunny,Good,349,207615,107.16,Present,Yes,460,42
192,RE350,Royal Enfield Classic 350,2024-07-10,Classic 350,Royal Enfield,Motorcycle,Petrol,Kolkata,Authorized Dealer,60+,Male,Student,Credit Card,No,Social Media,Available,Cloudy,Poor,349,183829,105.19,Absent,Yes,182,38
193,RE350,Royal Enfield Classic 350,2024-07-11,Classic 350,Royal Enfield,Motorcycle,Petrol,Pune,Reseller,60+,Other,Self-Employed,Loan,No,Newspaper,Not Available,Rainy,Poor,349,187316,101.27,Present,No,109,7
194,RE350,Royal Enfield Classic 350,2024-07-12,Classic 350,Royal Enfield,Motorcycle,Petrol,Hyderabad,Reseller,36-45,Other,Student,Cash,No,TV,Not Available,Stormy,Good,349,206821,98.93,Present,No,324,19
195,RE350,Royal Enfield Classic 350,2024-07-13,Classic 350,Royal Enfield,Motorcycle,Petrol,Chennai,Authorized Dealer,26-35,Male,Self-Employed,Loan,No,None,Available,Stormy,Poor,349,203544,96.55,Present,No,488,37
196,RE350,Royal Enfield Classic 350,2024-07-14,Classic 350,Royal Enfield,Motorcycle,Petrol,Chennai,Authorized Dealer,26-35,Other,Business,Loan,No,Social Media,Not Available,Cloudy,Poor,349,196097,111.4,Absent,Yes,101,37
197,RE350,Royal Enfield Classic 350,2024-07-15,Classic 350,Royal Enfield,Motorcycle,Petrol,Chennai,Reseller,46-60,Male,Self-Employed,Credit Card,No,TV,Available,Stormy,Good,349,182859,111.94,Present,No,130,23
198,RE350,Royal Enfield Classic 350,2024-07-16,Classic 350,Royal Enfield,Motorcycle,Petrol,Pune,Reseller,60+,Female,Student,Credit Card,No,Online Ads,Not Available,Stormy,Average,349,198122,98.31,Absent,Yes,264,9
199,RE350,Royal Enfield Classic 350,2024-07-17,Classic 350,Royal Enfield,Motorcycle,Petrol,Bangalore,Reseller,36-45,Female,IT Professional,Loan,No,None,Available,Cloudy,Good,349,197362,95.57,Present,Yes,409,37
200,RE350,Royal Enfield Classic 350,2024-07-18,Classic 350,Royal Enfield,Motorcycle,Petrol,Kolkata,Reseller,60+,Other,Student,Cash,No,Social Media,Available,Snowy,Poor,349,184752,93.92,Absent,Yes,65,9
201,RE350,Royal Enfield Classic 350,2024-07-19,Classic 350,Royal Enfield,Motorcycle,Petrol,Bangalore,Reseller,26-35,Female,Student,Loan,No,TV,Available,Snowy,Good,349,184734,94.46,Present,Yes,481,22
202,RE350,Royal Enfield Classic 350,2024-07-20,Classic 350,Royal Enfield,Motorcycle,Petrol,Kolkata,Reseller,18-25,Male,Business,Cash,No,TV,Available,Cloudy,Poor,349,198467,91.1,Absent,Yes,217,27
203,RE350,Royal Enfield Classic 350,2024-07-21,Classic 350,Royal Enfield,Motorcycle,Petrol,Pune,Authorized Dealer,46-60,Female,Business,Cash,No,TV,Not Available,Stormy,Good,349,192217,101.89,Absent,Yes,289,37
204,RE350,Royal Enfield Classic 350,2024-07-22,Classic 350,Royal Enfield,Motorcycle,Petrol,Delhi,Authorized Dealer,60+,Male,Self-Employed,Loan,No,Social Media,Available,Snowy,Average,349,197666,102.29,Present,No,105,46
205,RE350,Royal Enfield Classic 350,2024-07-23,Classic 350,Royal Enfield,Motorcycle,Petrol,Chennai,Reseller,36-45,Male,Self-Employed,UPI,No,Newspaper,Not Available,Stormy,Good,349,182345,117.1,Absent,Yes,155,26
206,RE350,Royal Enfield Classic 350,2024-07-24,Classic 350,Royal Enfield,Motorcycle,Petrol,Kolkata,Reseller,18-25,Male,Self-Employed,Loan,No,Social Media,Not Available,Stormy,Good,349,190856,90.22,Present,No,244,25
207,RE350,Royal Enfield Classic 350,2024-07-25,Classic 350,Royal Enfield,Motorcycle,Petrol,Pune,Authorized Dealer,46-60,Female,Student,Credit Card,No,Online Ads,Not Available,Sunny,Average,349,205384,119.46,Absent,No,141,44
208,RE350,Royal Enfield Classic 350,2024-07-26,Classic 350,Royal Enfield,Motorcycle,Petrol,Delhi,Authorized Dealer,46-60,Male,Student,UPI,No,None,Not Available,Rainy,Average,349,188410,119.03,Absent,No,373,37
209,RE350,Royal Enfield Classic 350,2024-07-27,Classic 350,Royal Enfield,Motorcycle,Petrol,Kolkata,Authorized Dealer,18-25,Female,Government Employee,Cash,No,Social Media,Not Available,Stormy,Good,349,195933,119.11,Present,Yes,67,26
210,RE350,Royal Enfield Classic 350,2024-07-28,Classic 350,Royal Enfield,Motorcycle,Petrol,Bangalore,Authorized Dealer,36-45,Female,Student,UPI,No,Newspaper,Available,Cloudy,Average,349,195942,119.59,Present,Yes,214,12
211,RE350,Royal Enfield Classic 350,2024-07-29,Classic 350,Royal Enfield,Motorcycle,Petrol,Pune,Reseller,46-60,Other,Business,Cash,No,TV,Available,Rainy,Average,349,190647,101.78,Absent,No,189,25
212,RE350,Royal Enfield Classic 350,2024-07-30,Classic 350,Royal Enfield,Motorcycle,Petrol,Hyderabad,Authorized Dealer,26-35,Male,Government Employee,Cash,No,Online Ads,Not Available,Cloudy,Poor,349,203185,108.33,Absent,Yes,66,25
213,RE350,Royal Enfield Classic 350,2024-07-31,Classic 350,Royal Enfield,Motorcycle,Petrol,Delhi,Reseller,36-45,Male,Self-Employed,Cash,No,Online Ads,Available,Rainy,Average,349,187196,117.77,Present,Yes,129,28
214,RE350,Royal Enfield Classic 350,2024-08-01,Classic 350,Royal Enfield,Motorcycle,Petrol,Delhi,Authorized Dealer,18-25,Male,Government Employee,UPI,No,Online Ads,Available,Sunny,Good,349,202223,97.64,Present,Yes,483,13
215,RE350,Royal Enfield Classic 350,2024-08-02,Classic 350,Royal Enfield,Motorcycle,Petrol,Bangalore,Authorized Dealer,46-60,Other,Government Employee,UPI,No,Online Ads,Not Available,Stormy,Good,349,199838,93.95,Present,Yes,333,5
216,RE350,Royal Enfield Classic 350,2024-08-03,Classic 350,Royal Enfield,Motorcycle,Petrol,Pune,Authorized Dealer,26-35,Male,Government Employee,Cash,No,Online Ads,Available,Snowy,Poor,349,207503,119.83,Present,Yes,350,19
217,RE350,Royal Enfield Classic 350,2024-08-04,Classic 350,Royal Enfield,Motorcycle,Petrol,Mumbai,Authorized Dealer,26-35,Other,Self-Employed,Credit Card,No,None,Not Available,Stormy,Good,349,197872,94.36,Present,Yes,352,23
218,RE350,Royal Enfield Classic 350,2024-08-05,Classic 350,Royal Enfield,Motorcycle,Petrol,Kolkata,Reseller,26-35,Male,Business,Cash,No,Online Ads,Available,Cloudy,Average,349,186637,106.86,Present,No,322,38
219,RE350,Royal Enfield Classic 350,2024-08-06,Classic 350,Royal Enfield,Motorcycle,Petrol,Kolkata,Reseller,18-25,Other,Self-Employed,Cash,No,Online Ads,Available,Rainy,Average,349,201904,93.36,Present,Yes,333,28
220,RE350,Royal Enfield Classic 350,2024-08-07,Classic 350,Royal Enfield,Motorcycle,Petrol,Mumbai,Reseller,60+,Male,Student,Cash,No,Social Media,Available,Cloudy,Good,349,191124,114.26,Absent,No,204,36
221,RE350,Royal Enfield Classic 350,2024-08-08,Classic 350,Royal Enfield,Motorcycle,Petrol,Chennai,Reseller,26-35,Female,Government Employee,Credit Card,No,None,Not Available,Sunny,Average,349,191339,95.42,Present,No,149,30
222,RE350,Royal Enfield Classic 350,2024-08-09,Classic 350,Royal Enfield,Motorcycle,Petrol,Bangalore,Authorized Dealer,46-60,Male,IT Professional,Cash,No,Online Ads,Not Available,Cloudy,Average,349,201443,117.39,Present,Yes,271,10
223,RE350,Royal Enfield Classic 350,2024-08-10,Classic 350,Royal Enfield,Motorcycle,Petrol,Delhi,Authorized Dealer,60+,Female,Government Employee,Loan,No,Online Ads,Not Available,Stormy,Good,349,201221,109.0,Absent,No,66,39
224,RE350,Royal Enfield Classic 350,2024-08-11,Classic 350,Royal Enfield,Motorcycle,Petrol,Kolkata,Authorized Dealer,26-35,Female,Student,Credit Card,No,Online Ads,Available,Cloudy,Good,349,180057,93.79,Absent,Yes,126,15
225,RE350,Royal Enfield Classic 350,2024-08-12,Classic 350,Royal Enfield,Motorcycle,Petrol,Bangalore,Authorized Dealer,26-35,Female,Student,UPI,No,None,Available,Rainy,Good,349,199971,91.45,Present,No,460,29
226,RE350,Royal Enfield Classic 350,2024-08-13,Classic 350,Royal Enfield,Motorcycle,Petrol,Delhi,Authorized Dealer,46-60,Female,Business,Loan,No,Newspaper,Not Available,Snowy,Poor,349,197329,107.54,Absent,No,290,17
227,RE350,Royal Enfield Classic 350,2024-08-14,Classic 350,Royal Enfield,Motorcycle,Petrol,Pune,Reseller,46-60,Female,Government Employee,Cash,No,Newspaper,Not Available,Rainy,Good,349,182923,107.88,Present,Yes,107,44
228,RE350,Royal Enfield Classic 350,2024-08-15,Classic 350,Royal Enfield,Motorcycle,Petrol,Kolkata,Authorized Dealer,36-45,Male,Government Employee,Loan,No,None,Not Available,Cloudy,Poor,349,184880,101.53,Absent,No,236,11
229,RE350,Royal Enfield Classic 350,2024-08-16,Classic 350,Royal Enfield,Motorcycle,Petrol,Hyderabad,Authorized Dealer,46-60,Female,Business,Cash,No,Social Media,Available,Cloudy,Average,349,181826,93.01,Absent,Yes,482,36
230,RE350,Royal Enfield Classic 350,2024-08-17,Classic 350,Royal Enfield,Motorcycle,Petrol,Delhi,Authorized Dealer,60+,Male,Government Employee,Credit Card,No,Newspaper,Not Available,Cloudy,Good,349,188655,115.98,Absent,No,324,14
231,RE350,Royal Enfield Classic 350,2024-08-18,Classic 350,Royal Enfield,Motorcycle,Petrol,Bangalore,Authorized Dealer,18-25,Other,Self-Employed,Loan,No,None,Available,Rainy,Poor,349,209327,109.21,Absent,Yes,427,27
232,RE350,Royal Enfield Classic 350,2024-08-19,Classic 350,Royal Enfield,Motorcycle,Petrol,Pune,Authorized Dealer,60+,Male,Business,UPI,No,Social Media,Available,Stormy,Poor,349,187756,117.88,Absent,Yes,368,32
233,RE350,Royal Enfield Classic 350,2024-08-20,Classic 350,Royal Enfield,Motorcycle,Petrol,Hyderabad,Reseller,36-45,Other,Student,Credit Card,No,None,Available,Cloudy,Good,349,200572,111.29,Absent,No,296,33
234,RE350,Royal Enfield Classic 350,2024-08-21,Classic 350,Royal Enfield,Motorcycle,Petrol,Mumbai,Authorized Dealer,36-45,Other,Self-Employed,Loan,No,None,Not Available,Cloudy,Poor,349,199046,107.74,Present,No,85,50
235,RE350,Royal Enfield Classic 350,2024-08-22,Classic 350,Royal Enfield,Motorcycle,Petrol,Chennai,Authorized Dealer,46-60,Other,Student,Credit Card,No,TV,Available,Snowy,Poor,349,190457,104.82,Absent,Yes,498,40
236,RE350,Royal Enfield Classic 350,2024-08-23,Classic 350,Royal Enfield,Motorcycle,Petrol,Pune,Reseller,60+,Other,Government Employee,Loan,No,Social Media,Available,Sunny,Average,349,189975,102.65,Present,No,157,7
237,RE350,Royal Enfield Classic 350,2024-08-24,Classic 350,Royal Enfield,Motorcycle,Petrol,Chennai,Reseller,18-25,Other,Business,Loan,No,None,Available,Sunny,Poor,349,185909,100.87,Present,Yes,212,24
238,RE350,Royal Enfield Classic 350,2024-08-25,Classic 350,Royal Enfield,Motorcycle,Petrol,Kolkata,Reseller,60+,Female,Business,Loan,No,Online Ads,Available,Snowy,Good,349,199346,108.76,Present,No,469,10
239,RE350,Royal Enfield Classic 350,2024-08-26,Classic 350,Royal Enfield,Motorcycle,Petrol,Kolkata,Authorized Dealer,18-25,Female,Student,UPI,No,Online Ads,Not Available,Stormy,Good,349,193638,98.52,Present,No,288,26
240,RE350,Royal Enfield Classic 350,2024-08-27,Classic 350,Royal Enfield,Motorcycle,Petrol,Pune,Authorized Dealer,18-25,Male,Business,UPI,No,Social Media,Not Available,Stormy,Good,349,181721,119.97,Absent,Yes,416,28
241,RE350,Royal Enfield Classic 350,2024-08-28,Classic 350,Royal Enfield,Motorcycle,Petrol,Chennai,Reseller,60+,Male,Government Employee,UPI,No,Online Ads,Available,Cloudy,Good,349,192587,115.55,Absent,No,406,32
242,RE350,Royal Enfield Classic 350,2024-08-29,Classic 350,Royal Enfield,Motorcycle,Petrol,Bangalore,Authorized Dealer,60+,Other,Self-Employed,Cash,No,TV,Not Available,Sunny,Poor,349,203153,111.41,Present,Yes,213,14
243,RE350,Royal Enfield Classic 350,2024-08-30,Classic 350,Royal Enfield,Motorcycle,Petrol,Mumbai,Authorized Dealer,46-60,Male,Self-Employed,Cash,No,Newspaper,Available,Cloudy,Average,349,190223,117.37,Present,Yes,401,39
244,RE350,Royal Enfield Classic 350,2024-08-31,Classic 350,Royal Enfield,Motorcycle,Petrol,Delhi,Authorized Dealer,26-35,Other,IT Professional,Loan,No,Newspaper,Available,Sunny,Poor,349,186858,111.25,Present,No,158,37
245,RE350,Royal Enfield Classic 350,2024-09-01,Classic 350,Royal Enfield,Motorcycle,Petrol,Bangalore,Authorized Dealer,36-45,Male,IT Professional,Loan,No,None,Not Available,Stormy,Poor,349,202696,90.43,Absent,No,356,32
246,RE350,Royal Enfield Classic 350,2024-09-02,Classic 350,Royal Enfield,Motorcycle,Petrol,Bangalore,Reseller,46-60,Female,Government Employee,Cash,No,Social Media,Not Available,Cloudy,Poor,349,186778,96.14,Present,No,201,40
247,RE350,Royal Enfield Classic 350,2024-09-03,Classic 350,Royal Enfield,Motorcycle,Petrol,Bangalore,Reseller,36-45,Male,Self-Employed,Loan,No,Newspaper,Not Available,Cloudy,Poor,349,182675,98.23,Present,Yes,338,50
248,RE350,Royal Enfield Classic 350,2024-09-04,Classic 350,Royal Enfield,Motorcycle,Petrol,Hyderabad,Authorized Dealer,60+,Other,Student,Loan,No,None,Not Available,Sunny,Poor,349,183627,93.28,Present,Yes,384,7
249,RE350,Royal Enfield Classic 350,2024-09-05,Classic 350,Royal Enfield,Motorcycle,Petrol,Mumbai,Reseller,26-35,Male,Business,UPI,No,None,Not Available,Stormy,Good,349,205934,102.04,Absent,Yes,428,25
250,RE350,Royal Enfield Classic 350,2024-09-06,Classic 350,Royal Enfield,Motorcycle,Petrol,Pune,Authorized Dealer,26-35,Female,Self-Employed,Cash,No,None,Available,Rainy,Poor,349,205520,109.31,Present,No,438,45
251,RE350,Royal Enfield Classic 350,2024-09-07,Classic 350,Royal Enfield,Motorcycle,Petrol,Hyderabad,Authorized Dealer,36-45,Female,Self-Employed,UPI,No,Online Ads,Not Available,Stormy,Average,349,194328,93.81,Absent,Yes,84,17
252,RE350,Royal Enfield Classic 350,2024-09-08,Classic 350,Royal Enfield,Motorcycle,Petrol,Kolkata,Reseller,18-25,Male,Government Employee,Cash,No,Social Media,Not Available,Snowy,Average,349,182102,110.04,Absent,Yes,151,44
253,RE350,Royal Enfield Classic 350,2024-09-09,Classic 350,Royal Enfield,Motorcycle,Petrol,Kolkata,Reseller,46-60,Male,Self-Employed,Credit Card,No,TV,Available,Cloudy,Poor,349,185710,97.59,Absent,Yes,341,17
254,RE350,Royal Enfield Classic 350,2024-09-10,Classic 350,Royal Enfield,Motorcycle,Petrol,Mumbai,Reseller,26-35,Other,IT Professional,Loan,No,Newspaper,Available,Stormy,Good,349,202896,115.25,Present,No,361,27
255,RE350,Royal Enfield Classic 350,2024-09-11,Classic 350,Royal Enfield,Motorcycle,Petrol,Chennai,Reseller,60+,Male,Business,Cash,No,TV,Not Available,Snowy,Poor,349,188816,117.43,Present,Yes,500,43
256,RE350,Royal Enfield Classic 350,2024-09-12,Classic 350,Royal Enfield,Motorcycle,Petrol,Mumbai,Reseller,18-25,Female,Business,Credit Card,No,Newspaper,Available,Sunny,Poor,349,193292,95.48,Absent,No,127,19
257,RE350,Royal Enfield Classic 350,2024-09-13,Classic 350,Royal Enfield,Motorcycle,Petrol,Delhi,Authorized Dealer,60+,Other,Self-Employed,Loan,No,TV,Available,Rainy,Good,349,200714,94.83,Absent,Yes,229,41
258,RE350,Royal Enfield Classic 350,2024-09-14,Classic 350,Royal Enfield,Motorcycle,Petrol,Chennai,Authorized Dealer,26-35,Female,Business,Credit Card,No,Online Ads,Available,Stormy,Good,349,183782,116.22,Absent,No,114,26
259,RE350,Royal Enfield Classic 350,2024-09-15,Classic 350,Royal Enfield,Motorcycle,Petrol,Kolkata,Authorized Dealer,46-60,Male,Student,Cash,No,TV,Available,Stormy,Poor,349,201388,92.86,Present,No,151,31
260,RE350,Royal Enfield Classic 350,2024-09-16,Classic 350,Royal Enfield,Motorcycle,Petrol,Delhi,Authorized Dealer,18-25,Other,Business,UPI,No,TV,Not Available,Stormy,Average,349,189421,97.83,Present,No,278,9
261,RE350,Royal Enfield Classic 350,2024-09-17,Classic 350,Royal Enfield,Motorcycle,Petrol,Bangalore,Authorized Dealer,46-60,Male,Student,Cash,No,Online Ads,Available,Stormy,Good,349,197583,106.97,Absent,Yes,479,45
262,RE350,Royal Enfield Classic 350,2024-09-18,Classic 350,Royal Enfield,Motorcycle,Petrol,Delhi,Authorized Dealer,18-25,Male,Government Employee,Credit Card,No,Online Ads,Not Available,Sunny,Poor,349,207822,91.22,Absent,Yes,52,32
263,RE350,Royal Enfield Classic 350,2024-09-19,Classic 350,Royal Enfield,Motorcycle,Petrol,Bangalore,Reseller,36-45,Male,IT Professional,UPI,No,Social Media,Not Available,Cloudy,Average,349,208709,104.66,Present,Yes,276,46
264,RE350,Royal Enfield Classic 350,2024-09-20,Classic 350,Royal Enfield,Motorcycle,Petrol,Pune,Reseller,26-35,Male,Student,Credit Card,No,TV,Not Available,Cloudy,Poor,349,193126,106.75,Present,No,114,45
265,RE350,Royal Enfield Classic 350,2024-09-21,Classic 350,Royal Enfield,Motorcycle,Petrol,Mumbai,Authorized Dealer,46-60,Female,Government Employee,Credit Card,No,None,Available,Sunny,Average,349,181511,118.94,Present,Yes,191,7
266,RE350,Royal Enfield Classic 350,2024-09-22,Classic 350,Royal Enfield,Motorcycle,Petrol,Hyderabad,Reseller,26-35,Female,Self-Employed,Credit Card,No,None,Not Available,Snowy,Poor,349,201905,106.92,Present,Yes,493,48
267,RE350,Royal Enfield Classic 350,2024-09-23,Classic 350,Royal Enfield,Motorcycle,Petrol,Kolkata,Authorized Dealer,46-60,Male,IT Professional,UPI,No,Newspaper,Not Available,Stormy,Good,349,202614,97.87,Absent,No,84,7
268,RE350,Royal Enfield Classic 350,2024-09-24,Classic 350,Royal Enfield,Motorcycle,Petrol,Delhi,Authorized Dealer,36-45,Other,Government Employee,Credit Card,No,Online Ads,Not Available,Snowy,Average,349,187811,115.75,Present,No,191,29
269,RE350,Royal Enfield Classic 350,2024-09-25,Classic 350,Royal Enfield,Motorcycle,Petrol,Kolkata,Reseller,18-25,Male,Business,UPI,No,None,Not Available,Rainy,Poor,349,204848,91.21,Present,Yes,250,28
270,RE350,Royal Enfield Classic 350,2024-09-26,Classic 350,Royal Enfield,Motorcycle,Petrol,Bangalore,Reseller,18-25,Female,IT Professional,Loan,No,None,Not Available,Rainy,Good,349,197939,95.74,Present,Yes,141,7
271,RE350,Royal Enfield Classic 350,2024-09-27,Classic 350,Royal Enfield,Motorcycle,Petrol,Hyderabad,Reseller,18-25,Female,Government Employee,Credit Card,No,TV,Available,Snowy,Average,349,199773,115.9,Present,Yes,225,20
272,RE350,Royal Enfield Classic 350,2024-09-28,Classic 350,Royal Enfield,Motorcycle,Petrol,Pune,Reseller,36-45,Female,Business,Credit Card,No,Online Ads,Available,Rainy,Good,349,203097,118.4,Absent,No,299,13
273,RE350,Royal Enfield Classic 350,2024-09-29,Classic 350,Royal Enfield,Motorcycle,Petrol,Bangalore,Authorized Dealer,46-60,Female,Self-Employed,Cash,No,None,Available,Cloudy,Good,349,208112,115.12,Absent,Yes,269,10
274,RE350,Royal Enfield Classic 350,2024-09-30,Classic 350,Royal Enfield,Motorcycle,Petrol,Pune,Authorized Dealer,46-60,Female,Government Employee,UPI,No,None,Not Available,Rainy,Good,349,186738,119.03,Absent,Yes,106,33
275,RE350,Royal Enfield Classic 350,2024-10-01,Classic 350,Royal Enfield,Motorcycle,Petrol,Pune,Reseller,26-35,Other,Government Employee,Cash,Yes,Social Media,Not Available,Rainy,Poor,349,209270,96.63,Present,Yes,398,48
276,RE350,Royal Enfield Classic 350,2024-10-02,Classic 350,Royal Enfield,Motorcycle,Petrol,Kolkata,Authorized Dealer,60+,Other,Self-Employed,Credit Card,Yes,TV,Not Available,Snowy,Poor,349,208988,111.89,Present,Yes,65,29
277,RE350,Royal Enfield Classic 350,2024-10-03,Classic 350,Royal Enfield,Motorcycle,Petrol,Chennai,Authorized Dealer,36-45,Male,Government Employee,Loan,Yes,TV,Not Available,Sunny,Good,349,200636,114.36,Absent,No,229,29
278,RE350,Royal Enfield Classic 350,2024-10-04,Classic 350,Royal Enfield,Motorcycle,Petrol,Bangalore,Authorized Dealer,60+,Other,Government Employee,Credit Card,Yes,Online Ads,Not Available,Cloudy,Average,349,190802,93.74,Absent,No,330,49
279,RE350,Royal Enfield Classic 350,2024-10-05,Classic 350,Royal Enfield,Motorcycle,Petrol,Delhi,Reseller,60+,Female,Government Employee,Cash,Yes,None,Available,Snowy,Poor,349,209367,112.19,Absent,No,172,20
280,RE350,Royal Enfield Classic 350,2024-10-06,Classic 350,Royal Enfield,Motorcycle,Petrol,Pune,Reseller,46-60,Other,Student,Cash,Yes,Newspaper,Available,Rainy,Poor,349,202029,102.76,Present,Yes,106,9
281,RE350,Royal Enfield Classic 350,2024-10-07,Classic 350,Royal Enfield,Motorcycle,Petrol,Delhi,Reseller,26-35,Male,Business,Cash,Yes,TV,Not Available,Snowy,Good,349,186029,102.26,Absent,Yes,51,23
282,RE350,Royal Enfield Classic 350,2024-10-08,Classic 350,Royal Enfield,Motorcycle,Petrol,Kolkata,Authorized Dealer,46-60,Other,Government Employee,Credit Card,Yes,Newspaper,Not Available,Sunny,Poor,349,197030,101.02,Absent,Yes,262,5
283,RE350,Royal Enfield Classic 350,2024-10-09,Classic 350,Royal Enfield,Motorcycle,Petrol,Chennai,Authorized Dealer,36-45,Female,Government Employee,UPI,Yes,None,Available,Stormy,Good,349,204195,109.71,Absent,Yes,227,48
284,RE350,Royal Enfield Classic 350,2024-10-10,Classic 350,Royal Enfield,Motorcycle,Petrol,Pune,Reseller,46-60,Female,Business,Cash,Yes,TV,Not Available,Snowy,Poor,349,188561,92.11,Absent,No,325,8
285,RE350,Royal Enfield Classic 350,2024-10-11,Classic 350,Royal Enfield,Motorcycle,Petrol,Delhi,Reseller,36-45,Male,IT Professional,Credit Card,Yes,Newspaper,Not Available,Stormy,Poor,349,209448,97.91,Absent,No,481,7
286,RE350,Royal Enfield Classic 350,2024-10-12,Classic 350,Royal Enfield,Motorcycle,Petrol,Hyderabad,Authorized Dealer,36-45,Female,Government Employee,UPI,Yes,TV,Not Available,Cloudy,Average,349,187534,107.34,Absent,No,64,19
287,RE350,Royal Enfield Classic 350,2024-10-13,Classic 350,Royal Enfield,Motorcycle,Petrol,Mumbai,Authorized Dealer,46-60,Male,Student,Loan,Yes,None,Not Available,Rainy,Average,349,183345,102.92,Present,No,392,16
288,RE350,Royal Enfield Classic 350,2024-10-14,Classic 350,Royal Enfield,Motorcycle,Petrol,Bangalore,Reseller,60+,Other,Self-Employed,UPI,Yes,Social Media,Available,Sunny,Average,349,208289,93.74,Present,Yes,123,48
289,RE350,Royal Enfield Classic 350,2024-10-15,Classic 350,Royal Enfield,Motorcycle,Petrol,Bangalore,Reseller,46-60,Male,IT Professional,Cash,Yes,Newspaper,Available,Sunny,Good,349,194985,107.68,Present,No,139,34
290,RE350,Royal Enfield Classic 350,2024-10-16,Classic 350,Royal Enfield,Motorcycle,Petrol,Mumbai,Authorized Dealer,60+,Female,Self-Employed,UPI,Yes,Social Media,Available,Snowy,Poor,349,204414,94.38,Present,Yes,200,16
291,RE350,Royal Enfield Classic 350,2024-10-17,Classic 350,Royal Enfield,Motorcycle,Petrol,Bangalore,Reseller,18-25,Female,IT Professional,UPI,Yes,Online Ads,Available,Rainy,Good,349,196957,116.05,Present,No,243,27
292,RE350,Royal Enfield Classic 350,2024-10-18,Classic 350,Royal Enfield,Motorcycle,Petrol,Mumbai,Reseller,46-60,Male,Student,Loan,Yes,Social Media,Available,Sunny,Poor,349,183887,110.22,Absent,No,355,37
293,RE350,Royal Enfield Classic 350,2024-10-19,Classic 350,Royal Enfield,Motorcycle,Petrol,Mumbai,Authorized Dealer,36-45,Male,Self-Employed,Cash,Yes,TV,Available,Stormy,Good,349,202859,119.16,Present,No,325,7
294,RE350,Royal Enfield Classic 350,2024-10-20,Classic 350,Royal Enfield,Motorcycle,Petrol,Delhi,Authorized Dealer,36-45,Other,IT Professional,Loan,Yes,TV,Not Available,Stormy,Good,349,181011,99.66,Absent,No,313,47
295,RE350,Royal Enfield Classic 350,2024-10-21,Classic 350,Royal Enfield,Motorcycle,Petrol,Pune,Authorized Dealer,26-35,Female,IT Professional,Credit Card,Yes,Social Media,Available,Stormy,Poor,349,202223,102.86,Present,Yes,404,18
296,RE350,Royal Enfield Classic 350,2024-10-22,Classic 350,Royal Enfield,Motorcycle,Petrol,Kolkata,Authorized Dealer,26-35,Male,IT Professional,Cash,Yes,None,Not Available,Rainy,Good,349,188198,94.83,Present,No,356,39
297,RE350,Royal Enfield Classic 350,2024-10-23,Classic 350,Royal Enfield,Motorcycle,Petrol,Pune,Reseller,36-45,Female,IT Professional,Credit Card,Yes,TV,Available,Rainy,Good,349,209370,114.16,Absent,Yes,400,23
298,RE350,Royal Enfield Classic 350,2024-10-24,Classic 350,Royal Enfield,Motorcycle,Petrol,Chennai,Reseller,46-60,Male,Business,Cash,Yes,TV,Not Available,Sunny,Average,349,202927,93.97,Present,Yes,246,19
299,RE350,Royal Enfield Classic 350,2024-10-25,Classic 350,Royal Enfield,Motorcycle,Petrol,Delhi,Reseller,60+,Other,Student,Loan,Yes,Newspaper,Available,Cloudy,Average,349,207439,111.64,Present,Yes,377,38
300,RE350,Royal Enfield Classic 350,2024-10-26,Classic 350,Royal Enfield,Motorcycle,Petrol,Delhi,Authorized Dealer,26-35,Other,Government Employee,Cash,Yes,Social Media,Available,Rainy,Poor,349,195372,104.46,Absent,No,160,30
301,RE350,Royal Enfield Classic 350,2024-10-27,Classic 350,Royal Enfield,Motorcycle,Petrol,Delhi,Reseller,46-60,Male,Self-Employed,Cash,Yes,Online Ads,Not Available,Snowy,Poor,349,203951,108.29,Present,Yes,420,36
302,RE350,Royal Enfield Classic 350,2024-10-28,Classic 350,Royal Enfield,Motorcycle,Petrol,Kolkata,Authorized Dealer,46-60,Other,Self-Employed,Credit Card,Yes,None,Not Available,Rainy,Poor,349,203484,116.93,Absent,Yes,108,30
303,RE350,Royal Enfield Classic 350,2024-10-29,Classic 350,Royal Enfield,Motorcycle,Petrol,Hyderabad,Reseller,46-60,Male,Business,Credit Card,Yes,None,Available,Sunny,Good,349,194286,102.8,Absent,Yes,82,42
304,RE350,Royal Enfield Classic 350,2024-10-30,Classic 350,Royal Enfield,Motorcycle,Petrol,Chennai,Reseller,26-35,Other,Government Employee,Loan,Yes,Social Media,Available,Rainy,Good,349,183435,108.38,Present,Yes,303,31
305,RE350,Royal Enfield Classic 350,2024-10-31,Classic 350,Royal Enfield,Motorcycle,Petrol,Chennai,Reseller,46-60,Male,Government Employee,Credit Card,Yes,Newspaper,Available,Cloudy,Good,349,197995,93.78,Absent,Yes,468,8
306,RE350,Royal Enfield Classic 350,2024-11-01,Classic 350,Royal Enfield,Motorcycle,Petrol,Kolkata,Reseller,18-25,Other,Government Employee,UPI,Yes,Online Ads,Not Available,Cloudy,Average,349,184353,99.93,Present,No,458,39
307,RE350,Royal Enfield Classic 350,2024-11-02,Classic 350,Royal Enfield,Motorcycle,Petrol,Kolkata,Reseller,18-25,Female,Student,UPI,Yes,Online Ads,Not Available,Rainy,Average,349,196985,91.11,Present,Yes,306,39
308,RE350,Royal Enfield Classic 350,2024-11-03,Classic 350,Royal Enfield,Motorcycle,Petrol,Bangalore,Authorized Dealer,60+,Female,Business,Credit Card,Yes,TV,Available,Rainy,Poor,349,200646,98.56,Present,Yes,289,32
309,RE350,Royal Enfield Classic 350,2024-11-04,Classic 350,Royal Enfield,Motorcycle,Petrol,Mumbai,Reseller,18-25,Female,Business,Cash,Yes,Online Ads,Available,Stormy,Poor,349,184079,113.79,Absent,No,452,10
310,RE350,Royal Enfield Classic 350,2024-11-05,Classic 350,Royal Enfield,Motorcycle,Petrol,Kolkata,Reseller,36-45,Female,IT Professional,Cash,Yes,TV,Not Available,Stormy,Good,349,209599,102.3,Absent,No,172,7
311,RE350,Royal Enfield Classic 350,2024-11-06,Classic 350,Royal Enfield,Motorcycle,Petrol,Hyderabad,Reseller,60+,Male,Self-Employed,Credit Card,Yes,Online Ads,Available,Stormy,Poor,349,183476,115.93,Present,Yes,222,17
312,RE350,Royal Enfield Classic 350,2024-11-07,Classic 350,Royal Enfield,Motorcycle,Petrol,Chennai,Reseller,36-45,Female,Student,Cash,Yes,TV,Available,Rainy,Poor,349,205211,100.67,Present,Yes,317,46
313,RE350,Royal Enfield Classic 350,2024-11-08,Classic 350,Royal Enfield,Motorcycle,Petrol,Delhi,Reseller,36-45,Other,Business,Cash,Yes,None,Available,Stormy,Average,349,184367,90.63,Present,No,147,30
314,RE350,Royal Enfield Classic 350,2024-11-09,Classic 350,Royal Enfield,Motorcycle,Petrol,Hyderabad,Authorized Dealer,60+,Female,Student,Cash,Yes,Newspaper,Available,Cloudy,Poor,349,206958,96.03,Absent,No,498,41
315,RE350,Royal Enfield Classic 350,2024-11-10,Classic 350,Royal Enfield,Motorcycle,Petrol,Hyderabad,Reseller,26-35,Male,Student,Cash,Yes,None,Not Available,Rainy,Good,349,186884,97.78,Absent,No,409,7
316,RE350,Royal Enfield Classic 350,2024-11-11,Classic 350,Royal Enfield,Motorcycle,Petrol,Delhi,Reseller,36-45,Male,Self-Employed,UPI,Yes,None,Available,Rainy,Average,349,191933,112.99,Present,Yes,423,21
317,RE350,Royal Enfield Classic 350,2024-11-12,Classic 350,Royal Enfield,Motorcycle,Petrol,Hyderabad,Reseller,26-35,Female,Student,Loan,Yes,TV,Available,Cloudy,Average,349,184597,91.47,Present,No,348,39
318,RE350,Royal Enfield Classic 350,2024-11-13,Classic 350,Royal Enfield,Motorcycle,Petrol,Mumbai,Authorized Dealer,36-45,Other,Business,UPI,Yes,Social Media,Available,Rainy,Poor,349,194592,97.16,Present,No,320,39
319,RE350,Royal Enfield Classic 350,2024-11-14,Classic 350,Royal Enfield,Motorcycle,Petrol,Hyderabad,Authorized Dealer,26-35,Female,Self-Employed,UPI,Yes,Newspaper,Not Available,Cloudy,Average,349,205640,101.42,Present,No,125,49
320,RE350,Royal Enfield Classic 350,2024-11-15,Classic 350,Royal Enfield,Motorcycle,Petrol,Chennai,Authorized Dealer,18-25,Other,Government Employee,UPI,Yes,Newspaper,Available,Sunny,Average,349,208420,101.2,Absent,Yes,117,42
321,RE350,Royal Enfield Classic 350,2024-11-16,Classic 350,Royal Enfield,Motorcycle,Petrol,Kolkata,Reseller,18-25,Female,Self-Employed,UPI,Yes,None,Available,Sunny,Poor,349,189573,90.22,Present,Yes,207,40
322,RE350,Royal Enfield Classic 350,2024-11-17,Classic 350,Royal Enfield,Motorcycle,Petrol,Delhi,Authorized Dealer,60+,Female,Business,Cash,Yes,TV,Available,Stormy,Poor,349,200055,112.68,Present,No,227,20
323,RE350,Royal Enfield Classic 350,2024-11-18,Classic 350,Royal Enfield,Motorcycle,Petrol,Chennai,Reseller,46-60,Other,Government Employee,Cash,Yes,Social Media,Not Available,Cloudy,Average,349,205775,108.52,Present,Yes,250,33
324,RE350,Royal Enfield Classic 350,2024-11-19,Classic 350,Royal Enfield,Motorcycle,Petrol,Delhi,Reseller,18-25,Male,Student,Credit Card,Yes,TV,Not Available,Sunny,Average,349,190043,100.53,Present,Yes,306,19
325,RE350,Royal Enfield Classic 350,2024-11-20,Classic 350,Royal Enfield,Motorcycle,Petrol,Chennai,Authorized Dealer,26-35,Male,Student,UPI,Yes,None,Available,Sunny,Good,349,181875,92.85,Present,No,287,10
326,RE350,Royal Enfield Classic 350,2024-11-21,Classic 350,Royal Enfield,Motorcycle,Petrol,Bangalore,Authorized Dealer,46-60,Other,IT Professional,Loan,Yes,Newspaper,Available,Stormy,Poor,349,194891,100.15,Present,Yes,375,31
327,RE350,Royal Enfield Classic 350,2024-11-22,Classic 350,Royal Enfield,Motorcycle,Petrol,Pune,Authorized Dealer,60+,Female,Business,UPI,Yes,Online Ads,Available,Cloudy,Good,349,201102,96.31,Absent,No,384,27
328,RE350,Royal Enfield Classic 350,2024-11-23,Classic 350,Royal Enfield,Motorcycle,Petrol,Kolkata,Reseller,60+,Female,Self-Employed,Cash,Yes,Newspaper,Not Available,Rainy,Poor,349,192725,115.84,Absent,Yes,218,39
329,RE350,Royal Enfield Classic 350,2024-11-24,Classic 350,Royal Enfield,Motorcycle,Petrol,Mumbai,Authorized Dealer,46-60,Male,IT Professional,UPI,Yes,Social Media,Available,Rainy,Poor,349,207035,109.41,Present,Yes,378,21
330,RE350,Royal Enfield Classic 350,2024-11-25,Classic 350,Royal Enfield,Motorcycle,Petrol,Pune,Reseller,60+,Female,IT Professional,Credit Card,Yes,TV,Available,Snowy,Average,349,200386,116.56,Present,No,231,45
331,RE350,Royal Enfield Classic 350,2024-11-26,Classic 350,Royal Enfield,Motorcycle,Petrol,Pune,Reseller,46-60,Other,Government Employee,Credit Card,Yes,Social Media,Available,Snowy,Average,349,192968,100.5,Absent,Yes,138,35
332,RE350,Royal Enfield Classic 350,2024-11-27,Classic 350,Royal Enfield,Motorcycle,Petrol,Mumbai,Authorized Dealer,18-25,Female,Government Employee,Cash,Yes,TV,Available,Rainy,Good,349,201647,115.89,Absent,Yes,462,26
333,RE350,Royal Enfield Classic 350,2024-11-28,Classic 350,Royal Enfield,Motorcycle,Petrol,Hyderabad,Reseller,46-60,Female,Business,Loan,Yes,None,Available,Cloudy,Poor,349,208996,93.59,Present,Yes,133,29
334,RE350,Royal Enfield Classic 350,2024-11-29,Classic 350,Royal Enfield,Motorcycle,Petrol,Kolkata,Authorized Dealer,18-25,Male,IT Professional,Credit Card,Yes,None,Not Available,Sunny,Good,349,205771,99.18,Present,No,293,8
335,RE350,Royal Enfield Classic 350,2024-11-30,Classic 350,Royal Enfield,Motorcycle,Petrol,Pune,Authorized Dealer,26-35,Female,Self-Employed,Loan,Yes,Social Media,Not Available,Sunny,Poor,349,184533,95.86,Absent,Yes,400,13
336,RE350,Royal Enfield Classic 350,2024-12-01,Classic 350,Royal Enfield,Motorcycle,Petrol,Chennai,Authorized Dealer,36-45,Male,Student,Loan,Yes,None,Available,Sunny,Good,349,181475,106.07,Present,Yes,60,43
337,RE350,Royal Enfield Classic 350,2024-12-02,Classic 350,Royal Enfield,Motorcycle,Petrol,Mumbai,Authorized Dealer,60+,Female,Self-Employed,Loan,Yes,Social Media,Available,Cloudy,Poor,349,184072,106.9,Absent,No,425,44
338,RE350,Royal Enfield Classic 350,2024-12-03,Classic 350,Royal Enfield,Motorcycle,Petrol,Chennai,Authorized Dealer,26-35,Male,Student,Cash,Yes,None,Available,Cloudy,Poor,349,207237,106.78,Present,Yes,162,34
339,RE350,Royal Enfield Classic 350,2024-12-04,Classic 350,Royal Enfield,Motorcycle,Petrol,Pune,Reseller,36-45,Other,Business,Credit Card,Yes,TV,Available,Stormy,Average,349,191530,92.34,Present,No,251,36
340,RE350,Royal Enfield Classic 350,2024-12-05,Classic 350,Royal Enfield,Motorcycle,Petrol,Hyderabad,Reseller,46-60,Male,Government Employee,Cash,Yes,Online Ads,Available,Rainy,Average,349,203469,119.67,Present,No,74,48
341,RE350,Royal Enfield Classic 350,2024-12-06,Classic 350,Royal Enfield,Motorcycle,Petrol,Bangalore,Authorized Dealer,46-60,Female,IT Professional,Cash,Yes,Online Ads,Available,Snowy,Poor,349,193960,105.5,Present,No,494,46
342,RE350,Royal Enfield Classic 350,2024-12-07,Classic 350,Royal Enfield,Motorcycle,Petrol,Bangalore,Authorized Dealer,36-45,Male,Student,Credit Card,Yes,Social Media,Not Available,Sunny,Good,349,200971,108.83,Absent,No,113,8
343,RE350,Royal Enfield Classic 350,2024-12-08,Classic 350,Royal Enfield,Motorcycle,Petrol,Delhi,Authorized Dealer,60+,Male,Business,UPI,Yes,Social Media,Available,Sunny,Poor,349,202928,99.47,Absent,Yes,235,43
344,RE350,Royal Enfield Classic 350,2024-12-09,Classic 350,Royal Enfield,Motorcycle,Petrol,Delhi,Authorized Dealer,18-25,Female,IT Professional,Cash,Yes,Social Media,Not Available,Rainy,Poor,349,181811,95.8,Absent,Yes,257,20
345,RE350,Royal Enfield Classic 350,2024-12-10,Classic 350,Royal Enfield,Motorcycle,Petrol,Hyderabad,Authorized Dealer,36-45,Female,IT Professional,Cash,Yes,Newspaper,Not Available,Cloudy,Good,349,200142,96.55,Absent,No,344,42
346,RE350,Royal Enfield Classic 350,2024-12-11,Classic 350,Royal Enfield,Motorcycle,Petrol,Hyderabad,Reseller,26-35,Female,Government Employee,Loan,Yes,TV,Not Available,Cloudy,Poor,349,204087,99.14,Present,No,65,37
347,RE350,Royal Enfield Classic 350,2024-12-12,Classic 350,Royal Enfield,Motorcycle,Petrol,Bangalore,Reseller,18-25,Female,Student,Credit Card,Yes,TV,Not Available,Sunny,Average,349,188897,96.33,Absent,Yes,143,14
348,RE350,Royal Enfield Classic 350,2024-12-13,Classic 350,Royal Enfield,Motorcycle,Petrol,Hyderabad,Reseller,18-25,Female,Student,UPI,Yes,Newspaper,Available,Cloudy,Good,349,190635,94.74,Absent,Yes,66,29
349,RE350,Royal Enfield Classic 350,2024-12-14,Classic 350,Royal Enfield,Motorcycle,Petrol,Kolkata,Reseller,60+,Male,Business,Loan,Yes,Social Media,Available,Rainy,Average,349,190359,114.25,Absent,No,320,15
350,RE350,Royal Enfield Classic 350,2024-12-15,Classic 350,Royal Enfield,Motorcycle,Petrol,Kolkata,Authorized Dealer,60+,Other,Student,Cash,Yes,Newspaper,Not Available,Cloudy,Good,349,197234,113.91,Present,Yes,287,19
351,RE350,Royal Enfield Classic 350,2024-12-16,Classic 350,Royal Enfield,Motorcycle,Petrol,Kolkata,Authorized Dealer,18-25,Other,IT Professional,UPI,Yes,None,Available,Rainy,Poor,349,190108,101.13,Absent,No,153,21
352,RE350,Royal Enfield Classic 350,2024-12-17,Classic 350,Royal Enfield,Motorcycle,Petrol,Kolkata,Reseller,60+,Female,IT Professional,Cash,Yes,Social Media,Available,Sunny,Good,349,187523,117.4,Absent,Yes,320,21
353,RE350,Royal Enfield Classic 350,2024-12-18,Classic 350,Royal Enfield,Motorcycle,Petrol,Delhi,Authorized Dealer,60+,Male,Government Employee,UPI,Yes,TV,Not Available,Stormy,Good,349,180747,107.79,Absent,Yes,286,23
354,RE350,Royal Enfield Classic 350,2024-12-19,Classic 350,Royal Enfield,Motorcycle,Petrol,Hyderabad,Reseller,60+,Female,IT Professional,Credit Card,Yes,Online Ads,Not Available,Sunny,Poor,349,197527,110.39,Absent,Yes,215,29
355,RE350,Royal Enfield Classic 350,2024-12-20,Classic 350,Royal Enfield,Motorcycle,Petrol,Kolkata,Reseller,26-35,Other,IT Professional,Credit Card,Yes,None,Not Available,Stormy,Average,349,181182,92.77,Absent,No,427,20
356,RE350,Royal Enfield Classic 350,2024-12-21,Classic 350,Royal Enfield,Motorcycle,Petrol,Bangalore,Reseller,18-25,Male,Student,UPI,Yes,Online Ads,Not Available,Stormy,Average,349,209282,94.82,Present,Yes,359,5
357,RE350,Royal Enfield Classic 350,2024-12-22,Classic 350,Royal Enfield,Motorcycle,Petrol,Chennai,Reseller,18-25,Other,Self-Employed,Credit Card,Yes,None,Available,Cloudy,Good,349,202054,115.85,Present,No,354,37
358,RE350,Royal Enfield Classic 350,2024-12-23,Classic 350,Royal Enfield,Motorcycle,Petrol,Kolkata,Authorized Dealer,60+,Other,Student,Cash,Yes,None,Not Available,Rainy,Good,349,194199,119.65,Absent,Yes,432,9
359,RE350,Royal Enfield Classic 350,2024-12-24,Classic 350,Royal Enfield,Motorcycle,Petrol,Chennai,Authorized Dealer,26-35,Female,Government Employee,Loan,Yes,TV,Not Available,Stormy,Good,349,209089,91.62,Absent,No,172,7
360,RE350,Royal Enfield Classic 350,2024-12-25,Classic 350,Royal Enfield,Motorcycle,Petrol,Kolkata,Reseller,18-25,Male,IT Professional,UPI,Yes,None,Available,Stormy,Good,349,191022,100.39,Absent,Yes,280,41
361,RE350,Royal Enfield Classic 350,2024-12-26,Classic 350,Royal Enfield,Motorcycle,Petrol,Mumbai,Reseller,36-45,Female,Business,Credit Card,Yes,Online Ads,Not Available,Stormy,Good,349,205470,100.04,Present,Yes,189,47
362,RE350,Royal Enfield Classic 350,2024-12-27,Classic 350,Royal Enfield,Motorcycle,Petrol,Pune,Authorized Dealer,18-25,Male,Student,Loan,Yes,Social Media,Available,Rainy,Average,349,206350,92.63,Present,No,407,38
363,RE350,Royal Enfield Classic 350,2024-12-28,Classic 350,Royal Enfield,Motorcycle,Petrol,Hyderabad,Authorized Dealer,26-35,Other,Student,Loan,Yes,TV,Available,Stormy,Average,349,201829,111.7,Present,Yes,92,23
364,RE350,Royal Enfield Classic 350,2024-12-29,Classic 350,Royal Enfield,Motorcycle,Petrol,Pune,Authorized Dealer,36-45,Other,Business,Loan,Yes,None,Available,Snowy,Average,349,208207,111.84,Absent,No,413,7
365,RE350,Royal Enfield Classic 350,2024-12-30,Classic 350,Royal Enfield,Motorcycle,Petrol,Delhi,Reseller,60+,Other,IT Professional,UPI,Yes,None,Not Available,Stormy,Poor,349,200179,111.15,Absent,No,234,8
366,RE350,Royal Enfield Classic 350,2024-12-31,Classic 350,Royal Enfield,Motorcycle,Petrol,Mumbai,Reseller,60+,Other,Student,Cash,Yes,Online Ads,Available,Stormy,Good,349,199319,108.17,Present,Yes,139,13
